time,enrolled,available,waitlisted,total
2023-11-13T04:37:32,0,75,0,75
2023-11-13T04:53:19,0,75,0,75
2023-11-13T05:09:05,0,75,0,75
2023-11-13T05:24:48,0,75,0,75
2023-11-13T05:40:31,0,75,0,75
2023-11-13T05:56:14,0,75,0,75
2023-11-13T06:12:02,0,75,0,75
2023-11-13T06:27:44,0,75,0,75
2023-11-13T06:43:27,0,75,0,75
2023-11-13T06:59:08,0,75,0,75
2023-11-13T07:14:50,0,75,0,75
2023-11-13T07:30:29,0,75,0,75
2023-11-13T07:46:09,0,75,0,75
2023-11-13T08:01:48,0,75,0,75
2023-11-13T08:17:27,0,75,0,75
2023-11-13T08:33:15,0,75,0,75
2023-11-13T08:48:54,0,75,0,75
2023-11-13T09:04:32,0,75,0,75
2023-11-13T09:20:11,0,75,0,75
2023-11-13T09:35:49,0,75,0,75
2023-11-13T09:51:28,0,75,0,75
2023-11-13T10:07:20,0,75,0,75
2023-11-13T10:22:59,0,75,0,75
2023-11-13T10:38:38,0,75,0,75
2023-11-13T10:54:16,0,75,0,75
2023-11-13T11:10:08,0,75,0,75
2023-11-13T11:25:47,0,75,0,75
2023-11-13T11:41:26,0,75,0,75
2023-11-13T11:57:17,0,75,0,75
2023-11-13T12:13:02,0,75,0,75
2023-11-13T12:28:54,0,75,0,75
2023-11-13T12:44:33,0,75,0,75
2023-11-13T13:00:13,0,75,0,75
2023-11-13T13:16:02,0,75,0,75
2023-11-13T13:31:42,0,75,0,75
2023-11-13T13:47:22,0,75,0,75
2023-11-13T14:03:13,0,75,0,75
2023-11-13T14:18:54,0,75,0,75
2023-11-13T14:34:35,0,75,0,75
2023-11-13T14:50:29,0,75,0,75
2023-11-13T15:06:13,0,75,0,75
2023-11-13T15:21:55,0,75,0,75
2023-11-13T15:37:49,0,75,0,75
2023-11-13T15:53:31,0,75,0,75
2023-11-13T16:09:13,0,75,0,75
2023-11-13T16:25:06,0,75,0,75
2023-11-13T16:40:48,0,75,0,75
2023-11-13T16:56:30,0,75,0,75
2023-11-13T17:12:13,0,75,0,75
2023-11-13T17:28:06,0,75,0,75
2023-11-13T17:43:49,0,75,0,75
2023-11-13T17:59:31,0,75,0,75
2023-11-13T18:15:26,0,75,0,75
2023-11-13T18:31:08,0,75,0,75
2023-11-13T18:46:51,0,75,0,75
2023-11-13T19:02:44,0,75,0,75
2023-11-13T19:18:26,0,75,0,75
2023-11-13T19:34:09,0,75,0,75
2023-11-13T19:50:01,0,75,0,75
2023-11-13T20:05:43,0,75,0,75
2023-11-13T20:21:24,0,75,0,75
2023-11-13T20:37:06,0,75,0,75
2023-11-13T20:52:58,0,75,0,75
2023-11-13T21:08:41,0,75,0,75
2023-11-13T21:24:24,0,75,0,75
2023-11-13T21:40:07,0,75,0,75
2023-11-13T21:56:04,0,75,0,75
2023-11-13T22:11:46,0,75,0,75
2023-11-13T22:27:27,0,75,0,75
2023-11-13T22:43:20,0,75,0,75
2023-11-13T22:59:03,0,75,0,75
2023-11-13T23:14:46,0,75,0,75
2023-11-13T23:30:28,0,75,0,75
2023-11-13T23:46:22,0,75,0,75
2023-11-14T00:07:28,0,75,0,75
2023-11-14T00:23:30,0,75,0,75
2023-11-14T00:39:38,0,75,0,75
2023-11-14T00:55:25,0,75,0,75
2023-11-14T01:11:13,0,75,0,75
2023-11-14T01:26:59,0,75,0,75
2023-11-14T01:42:45,0,75,0,75
2023-11-14T01:58:31,0,75,0,75
2023-11-14T02:14:29,0,75,0,75
2023-11-14T02:30:14,0,75,0,75
2023-11-14T02:45:59,0,75,0,75
2023-11-14T03:01:43,0,75,0,75
2023-11-14T03:17:29,0,75,0,75
2023-11-14T03:33:15,0,75,0,75
2023-11-14T03:49:02,0,75,0,75
2023-11-14T04:04:59,0,75,0,75
2023-11-14T04:26:31,0,75,0,75
2023-11-14T04:42:20,0,75,0,75
2023-11-14T04:58:09,0,75,0,75
2023-11-14T05:13:59,0,75,0,75
2023-11-14T05:29:46,0,75,0,75
2023-11-14T05:45:34,0,75,0,75
2023-11-14T06:01:22,0,75,0,75
2023-11-14T06:17:12,0,75,0,75
2023-11-14T06:32:59,0,75,0,75
2023-11-14T06:48:46,0,75,0,75
2023-11-14T07:04:35,0,75,0,75
2023-11-14T07:20:29,0,75,0,75
2023-11-14T07:36:13,0,75,0,75
2023-11-14T07:51:58,0,75,0,75
2023-11-14T08:07:43,0,75,0,75
2023-11-14T08:23:26,0,75,0,75
2023-11-14T08:39:18,0,75,0,75
2023-11-14T08:55:02,0,75,0,75
2023-11-14T09:10:59,0,75,0,75
2023-11-14T09:26:43,0,75,0,75
2023-11-14T09:42:27,0,75,0,75
2023-11-14T09:58:22,0,75,0,75
2023-11-14T10:14:07,0,75,0,75
2023-11-14T10:29:53,0,75,0,75
2023-11-14T10:45:48,0,75,0,75
2023-11-14T11:01:34,0,75,0,75
2023-11-14T11:17:21,0,75,0,75
2023-11-14T11:33:20,0,75,0,75
2023-11-14T11:49:11,0,75,0,75
2023-11-14T12:05:13,0,75,0,75
2023-11-14T12:21:01,0,75,0,75
2023-11-14T12:36:58,0,75,0,75
2023-11-14T12:52:47,0,75,0,75
2023-11-14T13:08:44,0,75,0,75
2023-11-14T13:24:32,0,75,0,75
2023-11-14T13:40:31,0,75,0,75
2023-11-14T13:56:18,0,75,0,75
2023-11-14T14:12:21,0,75,0,75
2023-11-14T14:28:08,0,75,0,75
2023-11-14T14:44:04,0,75,0,75
2023-11-14T14:59:49,0,75,0,75
2023-11-14T15:15:50,0,75,0,75
2023-11-14T15:31:35,0,75,0,75
2023-11-14T15:47:22,0,75,0,75
2023-11-14T16:03:20,0,75,0,75
2023-11-14T16:19:06,0,75,0,75
2023-11-14T16:35:03,0,75,0,75
2023-11-14T16:50:48,0,75,0,75
2023-11-14T17:06:45,0,75,0,75
2023-11-14T17:22:31,0,75,0,75
2023-11-14T17:38:16,0,75,0,75
2023-11-14T17:54:13,0,75,0,75
2023-11-14T18:09:59,0,75,0,75
2023-11-14T18:25:44,0,75,0,75
2023-11-14T18:41:40,0,75,0,75
2023-11-14T18:57:26,0,75,0,75
2023-11-14T19:13:16,0,75,0,75
2023-11-14T19:29:14,0,75,0,75
2023-11-14T19:45:01,0,75,0,75
2023-11-14T20:00:47,0,75,0,75
2023-11-14T20:16:47,0,75,0,75
2023-11-14T20:32:34,0,75,0,75
2023-11-14T20:48:20,0,75,0,75
2023-11-14T21:04:07,0,75,0,75
2023-11-14T21:20:05,0,75,0,75
2023-11-14T21:35:51,0,75,0,75
2023-11-14T21:51:37,0,75,0,75
2023-11-14T22:07:34,0,75,0,75
2023-11-14T22:23:18,0,75,0,75
2023-11-14T22:39:03,0,75,0,75
2023-11-14T22:54:49,0,75,0,75
2023-11-14T23:10:49,0,75,0,75
2023-11-14T23:26:34,0,75,0,75
2023-11-14T23:42:20,0,75,0,75
2023-11-14T23:58:06,0,75,0,75
2023-11-15T00:13:55,0,75,0,75
2023-11-15T00:30:01,0,75,0,75
2023-11-15T00:45:51,0,75,0,75
2023-11-15T01:01:39,0,75,0,75
2023-11-15T01:17:28,0,75,0,75
2023-11-15T01:33:17,0,75,0,75
2023-11-15T01:49:07,0,75,0,75
2023-11-15T02:05:01,0,75,0,75
2023-11-15T02:21:01,0,75,0,75
2023-11-15T02:36:48,0,75,0,75
2023-11-15T02:52:35,0,75,0,75
2023-11-15T03:08:56,0,75,0,75
2023-11-15T03:24:49,0,75,0,75
2023-11-15T03:40:38,0,75,0,75
2023-11-15T03:56:27,0,75,0,75
2023-11-15T04:12:17,0,75,0,75
2023-11-15T04:39:14,0,75,0,75
2023-11-15T04:56:21,0,75,0,75
2023-11-15T05:12:38,0,75,0,75
2023-11-15T05:28:28,0,75,0,75
2023-11-15T05:44:18,0,75,0,75
2023-11-15T06:00:09,0,75,0,75
2023-11-15T06:16:03,0,75,0,75
2023-11-15T06:31:52,0,75,0,75
2023-11-15T06:47:41,0,75,0,75
2023-11-15T07:03:36,0,75,0,75
2023-11-15T07:19:24,0,75,0,75
2023-11-15T07:35:20,0,75,0,75
2023-11-15T07:51:06,0,75,0,75
2023-11-15T08:06:53,0,75,0,75
2023-11-15T08:22:39,0,75,0,75
2023-11-15T08:38:27,0,75,0,75
2023-11-15T08:54:14,0,75,0,75
2023-11-15T09:10:01,0,75,0,75
2023-11-15T09:26:02,0,75,0,75
2023-11-15T09:41:49,0,75,0,75
2023-11-15T09:57:35,0,75,0,75
2023-11-15T10:13:36,0,75,0,75
2023-11-15T10:29:23,0,75,0,75
2023-11-15T10:45:10,0,75,0,75
2023-11-15T11:01:08,0,75,0,75
2023-11-15T11:16:58,0,75,0,75
2023-11-15T11:32:58,0,75,0,75
2023-11-15T11:48:46,0,75,0,75
2023-11-15T12:04:51,0,75,0,75
2023-11-15T12:20:39,0,75,0,75
2023-11-15T12:36:38,0,75,0,75
2023-11-15T12:52:25,0,75,0,75
2023-11-15T13:08:23,0,75,0,75
2023-11-15T13:24:12,0,75,0,75
2023-11-15T13:40:01,0,75,0,75
2023-11-15T13:56:01,0,75,0,75
2023-11-15T14:11:52,0,75,0,75
2023-11-15T14:27:53,0,75,0,75
2023-11-15T14:43:42,0,75,0,75
2023-11-15T14:59:42,0,75,0,75
2023-11-15T15:15:31,0,75,0,75
2023-11-15T15:31:32,0,75,0,75
2023-11-15T15:47:22,0,75,0,75
2023-11-15T16:03:24,0,75,0,75
2023-11-15T16:19:13,0,75,0,75
2023-11-15T16:35:02,0,75,0,75
2023-11-15T16:51:07,0,75,0,75
2023-11-15T17:06:57,0,75,0,75
2023-11-15T17:23:01,0,75,0,75
2023-11-15T17:38:49,0,75,0,75
2023-11-15T17:54:40,0,75,0,75
2023-11-15T18:10:45,0,75,0,75
2023-11-15T18:26:34,0,75,0,75
2023-11-15T18:42:33,0,75,0,75
2023-11-15T18:58:21,0,75,0,75
2023-11-15T19:14:09,0,75,0,75
2023-11-15T19:29:58,0,75,0,75
2023-11-15T19:46:01,0,75,0,75
2023-11-15T20:01:50,0,75,0,75
2023-11-15T20:17:39,0,75,0,75
2023-11-15T20:33:37,0,75,0,75
2023-11-15T20:49:25,0,75,0,75
2023-11-15T21:05:14,0,75,0,75
2023-11-15T21:21:11,0,75,0,75
2023-11-15T21:36:57,0,75,0,75
2023-11-15T21:52:43,0,75,0,75
2023-11-15T22:08:42,0,75,0,75
2023-11-15T22:24:29,0,75,0,75
2023-11-15T22:40:14,0,75,0,75
2023-11-15T22:56:01,0,75,0,75
2023-11-15T23:11:58,0,75,0,75
2023-11-15T23:27:45,0,75,0,75
2023-11-15T23:43:33,0,75,0,75
2023-11-15T23:59:20,0,75,0,75
2023-11-16T00:15:25,0,75,0,75
2023-11-16T00:31:18,0,75,0,75
2023-11-16T00:47:07,0,75,0,75
2023-11-16T01:02:57,0,75,0,75
2023-11-16T01:18:46,0,75,0,75
2023-11-16T01:34:35,0,75,0,75
2023-11-16T01:50:35,0,75,0,75
2023-11-16T02:06:24,0,75,0,75
2023-11-16T02:22:11,0,75,0,75
2023-11-16T02:37:59,0,75,0,75
2023-11-16T02:53:45,0,75,0,75
2023-11-16T03:09:32,0,75,0,75
2023-11-16T03:25:21,0,75,0,75
2023-11-16T03:41:24,0,75,0,75
2023-11-16T03:57:15,0,75,0,75
2023-11-16T04:13:06,0,75,0,75
2023-11-16T04:37:33,0,75,0,75
2023-11-16T04:55:09,0,75,0,75
2023-11-16T05:11:03,0,75,0,75
2023-11-16T05:26:53,0,75,0,75
2023-11-16T05:42:44,0,75,0,75
2023-11-16T05:58:35,0,75,0,75
2023-11-16T06:14:28,0,75,0,75
2023-11-16T06:30:17,0,75,0,75
2023-11-16T06:46:07,0,75,0,75
2023-11-16T07:01:56,0,75,0,75
2023-11-16T07:17:44,0,75,0,75
2023-11-16T07:33:48,0,75,0,75
2023-11-16T07:49:35,0,75,0,75
2023-11-16T08:05:21,0,75,0,75
2023-11-16T08:21:09,0,75,0,75
2023-11-16T08:36:55,0,75,0,75
2023-11-16T08:52:42,0,75,0,75
2023-11-16T09:08:38,0,75,0,75
2023-11-16T09:24:25,0,75,0,75
2023-11-16T09:40:13,0,75,0,75
2023-11-16T09:56:09,0,75,0,75
2023-11-16T10:11:59,0,75,0,75
2023-11-16T10:27:46,0,75,0,75
2023-11-16T10:43:51,0,75,0,75
2023-11-16T10:59:40,0,75,0,75
2023-11-16T11:15:43,1,74,0,75
2023-11-16T11:31:33,1,74,0,75
2023-11-16T11:47:37,1,74,0,75
2023-11-16T12:03:27,1,74,0,75
2023-11-16T12:19:23,1,74,0,75
2023-11-16T12:35:11,1,74,0,75
2023-11-16T12:50:59,1,74,0,75
2023-11-16T13:06:57,1,74,0,75
2023-11-16T13:22:48,1,74,0,75
2023-11-16T13:38:46,1,74,0,75
2023-11-16T13:54:35,1,74,0,75
2023-11-16T14:10:44,1,74,0,75
2023-11-16T14:26:31,1,74,0,75
2023-11-16T14:42:48,1,74,0,75
2023-11-16T14:58:55,1,74,0,75
2023-11-16T15:14:48,1,74,0,75
2023-11-16T15:30:48,1,74,0,75
2023-11-16T15:46:42,1,74,0,75
2023-11-16T16:02:56,1,74,0,75
2023-11-16T16:18:47,1,74,0,75
2023-11-16T16:34:38,1,74,0,75
2023-11-16T16:50:40,1,74,0,75
2023-11-16T17:06:42,1,74,0,75
2023-11-16T17:22:44,1,74,0,75
2023-11-16T17:38:34,1,74,0,75
2023-11-16T17:54:44,1,74,0,75
2023-11-16T18:10:37,1,74,0,75
2023-11-16T18:26:27,1,74,0,75
2023-11-16T18:42:28,1,74,0,75
2023-11-16T18:58:18,1,74,0,75
2023-11-16T19:14:20,1,74,0,75
2023-11-16T19:30:09,1,74,0,75
2023-11-16T19:45:57,1,74,0,75
2023-11-16T20:01:48,1,74,0,75
2023-11-16T20:17:48,1,74,0,75
2023-11-16T20:33:38,1,74,0,75
2023-11-16T20:49:27,1,74,0,75
2023-11-16T21:05:26,1,74,0,75
2023-11-16T21:21:14,1,74,0,75
2023-11-16T21:37:02,1,74,0,75
2023-11-16T21:52:59,1,74,0,75
2023-11-16T22:08:47,1,74,0,75
2023-11-16T22:24:35,1,74,0,75
2023-11-16T22:40:44,1,74,0,75
2023-11-16T22:56:32,1,74,0,75
2023-11-16T23:12:20,1,74,0,75
2023-11-16T23:28:09,1,74,0,75
2023-11-16T23:43:58,1,74,0,75
2023-11-16T23:59:58,1,74,0,75
2023-11-17T00:15:58,1,74,0,75
2023-11-17T00:31:51,1,74,0,75
2023-11-17T00:47:42,1,74,0,75
2023-11-17T01:03:35,1,74,0,75
2023-11-17T01:19:45,1,74,0,75
2023-11-17T01:35:37,1,74,0,75
2023-11-17T01:51:29,1,74,0,75
2023-11-17T02:07:22,1,74,0,75
2023-11-17T02:23:13,1,74,0,75
2023-11-17T02:39:04,1,74,0,75
2023-11-17T02:54:54,1,74,0,75
2023-11-17T03:10:57,1,74,0,75
2023-11-17T03:26:50,1,74,0,75
2023-11-17T03:42:43,1,74,0,75
2023-11-17T03:58:45,1,74,0,75
2023-11-17T04:26:20,1,74,0,75
2023-11-17T04:43:59,1,74,0,75
2023-11-17T04:59:54,1,74,0,75
2023-11-17T05:15:47,1,74,0,75
2023-11-17T05:31:40,1,74,0,75
2023-11-17T05:47:33,1,74,0,75
2023-11-17T06:03:26,1,74,0,75
2023-11-17T06:19:17,1,74,0,75
2023-11-17T06:35:09,1,74,0,75
2023-11-17T06:51:01,1,74,0,75
2023-11-17T07:06:53,1,74,0,75
2023-11-17T07:22:43,1,74,0,75
2023-11-17T07:38:34,1,74,0,75
2023-11-17T07:54:24,1,74,0,75
2023-11-17T08:10:28,1,74,0,75
2023-11-17T08:26:17,1,74,0,75
2023-11-17T08:42:08,1,74,0,75
2023-11-17T08:57:57,1,74,0,75
2023-11-17T09:13:49,1,74,0,75
2023-11-17T09:29:52,1,74,0,75
2023-11-17T09:45:43,1,74,0,75
2023-11-17T10:01:35,1,74,0,75
2023-11-17T10:18:30,1,74,0,75
2023-11-17T10:34:26,1,74,0,75
2023-11-17T10:50:30,1,74,0,75
2023-11-17T11:07:07,1,74,0,75
2023-11-17T11:23:01,1,74,0,75
2023-11-17T11:39:05,1,74,0,75
2023-11-17T11:54:58,1,74,0,75
2023-11-17T12:11:18,1,74,0,75
2023-11-17T12:27:29,1,74,0,75
2023-11-17T12:43:50,1,74,0,75
2023-11-17T12:59:46,1,74,0,75
2023-11-17T13:15:52,1,74,0,75
2023-11-17T13:31:46,1,74,0,75
2023-11-17T13:48:23,1,74,0,75
2023-11-17T14:04:19,1,74,0,75
2023-11-17T14:20:18,1,74,0,75
2023-11-17T14:36:49,1,74,0,75
2023-11-17T14:53:24,1,74,0,75
2023-11-17T15:09:54,1,74,0,75
2023-11-17T15:26:03,1,74,0,75
2023-11-17T15:42:11,1,74,0,75
2023-11-17T15:58:05,1,74,0,75
2023-11-17T16:14:15,1,74,0,75
2023-11-17T16:30:12,1,74,0,75
2023-11-17T16:46:23,1,74,0,75
2023-11-17T17:02:23,1,74,0,75
2023-11-17T17:18:19,1,74,0,75
2023-11-17T17:34:21,1,74,0,75
2023-11-17T17:50:15,1,74,0,75
2023-11-17T18:06:27,1,74,0,75
2023-11-17T18:22:20,1,74,0,75
2023-11-17T18:38:11,1,74,0,75
2023-11-17T18:54:12,1,74,0,75
2023-11-17T19:10:03,1,74,0,75
2023-11-17T19:25:53,1,74,0,75
2023-11-17T19:42:03,1,74,0,75
2023-11-17T19:57:52,1,74,0,75
2023-11-17T20:13:43,1,74,0,75
2023-11-17T20:29:33,1,74,0,75
2023-11-17T20:45:35,1,74,0,75
2023-11-17T21:01:27,1,74,0,75
2023-11-17T21:17:17,1,74,0,75
2023-11-17T21:33:06,1,74,0,75
2023-11-17T21:49:07,1,74,0,75
2023-11-17T22:04:56,1,74,0,75
2023-11-17T22:20:45,1,74,0,75
2023-11-17T22:36:35,1,74,0,75
2023-11-17T22:52:24,1,74,0,75
2023-11-17T23:08:24,1,74,0,75
2023-11-17T23:24:14,1,74,0,75
2023-11-17T23:40:04,1,74,0,75
2023-11-17T23:55:54,1,74,0,75
2023-11-18T00:12:06,1,74,0,75
2023-11-18T00:28:00,1,74,0,75
2023-11-18T00:43:53,1,74,0,75
2023-11-18T00:59:48,1,74,0,75
2023-11-18T01:15:40,1,74,0,75
2023-11-18T01:31:32,1,74,0,75
2023-11-18T01:47:34,1,74,0,75
2023-11-18T02:03:31,1,74,0,75
2023-11-18T02:19:21,1,74,0,75
2023-11-18T02:35:12,1,74,0,75
2023-11-18T02:51:02,1,74,0,75
2023-11-18T03:06:52,1,74,0,75
2023-11-18T03:22:44,1,74,0,75
2023-11-18T03:38:34,1,74,0,75
2023-11-18T03:54:27,1,74,0,75
2023-11-18T04:13:21,1,74,0,75
2023-11-18T04:32:26,1,74,0,75
2023-11-18T04:48:21,1,74,0,75
2023-11-18T05:04:14,1,74,0,75
2023-11-18T05:20:06,1,74,0,75
2023-11-18T05:35:59,1,74,0,75
2023-11-18T05:51:52,1,74,0,75
2023-11-18T06:07:45,1,74,0,75
2023-11-18T06:23:37,1,74,0,75
2023-11-18T06:39:30,1,74,0,75
2023-11-18T06:55:22,1,74,0,75
2023-11-18T07:11:13,1,74,0,75
2023-11-18T07:27:07,1,74,0,75
2023-11-18T07:42:57,1,74,0,75
2023-11-18T07:58:57,1,74,0,75
2023-11-18T08:14:48,1,74,0,75
2023-11-18T08:30:41,1,74,0,75
2023-11-18T08:46:31,1,74,0,75
2023-11-18T09:02:23,2,73,0,75
2023-11-18T09:18:14,2,73,0,75
2023-11-18T09:34:13,2,73,0,75
2023-11-18T09:50:03,2,73,0,75
2023-11-18T10:05:53,3,72,0,75
2023-11-18T10:21:46,4,71,0,75
2023-11-18T10:37:46,4,71,0,75
2023-11-18T10:53:37,5,70,0,75
2023-11-18T11:09:29,5,70,0,75
2023-11-18T11:25:22,5,70,0,75
2023-11-18T11:41:22,7,68,0,75
2023-11-18T11:57:12,7,68,0,75
2023-11-18T12:13:03,7,68,0,75
2023-11-18T12:29:02,7,68,0,75
2023-11-18T12:44:52,7,68,0,75
2023-11-18T13:00:43,7,68,0,75
2023-11-18T13:16:42,8,67,0,75
2023-11-18T13:32:33,8,67,0,75
2023-11-18T13:48:24,8,67,0,75
2023-11-18T14:04:23,8,67,0,75
2023-11-18T14:20:14,8,67,0,75
2023-11-18T14:36:04,8,67,0,75
2023-11-18T14:52:07,8,67,0,75
2023-11-18T15:07:57,8,67,0,75
2023-11-18T15:23:50,8,67,0,75
2023-11-18T15:39:52,8,67,0,75
2023-11-18T15:55:43,8,67,0,75
2023-11-18T16:11:35,8,67,0,75
2023-11-18T16:27:25,9,66,0,75
2023-11-18T16:43:26,10,65,0,75
2023-11-18T16:59:17,11,64,0,75
2023-11-18T17:15:12,12,63,0,75
2023-11-18T17:31:13,12,63,0,75
2023-11-18T17:47:03,12,63,0,75
2023-11-18T18:02:56,13,62,0,75
2023-11-18T18:18:55,13,62,0,75
2023-11-18T18:34:48,13,62,0,75
2023-11-18T18:50:38,13,62,0,75
2023-11-18T19:06:41,14,61,0,75
2023-11-18T19:22:31,14,61,0,75
2023-11-18T19:38:29,15,60,0,75
2023-11-18T19:54:18,15,60,0,75
2023-11-18T20:10:07,15,60,0,75
2023-11-18T20:25:56,16,59,0,75
2023-11-18T20:41:55,17,58,0,75
2023-11-18T20:57:45,17,58,0,75
2023-11-18T21:13:35,18,57,0,75
2023-11-18T21:29:24,18,57,0,75
2023-11-18T21:45:25,18,57,0,75
2023-11-18T22:01:13,18,57,0,75
2023-11-18T22:17:02,18,57,0,75
2023-11-18T22:32:50,18,57,0,75
2023-11-18T22:48:39,18,57,0,75
2023-11-18T23:04:28,18,57,0,75
2023-11-18T23:20:26,18,57,0,75
2023-11-18T23:36:14,19,56,0,75
2023-11-18T23:52:02,19,56,0,75
2023-11-19T00:07:51,19,56,0,75
2023-11-19T00:23:41,19,56,0,75
2023-11-19T00:39:31,19,56,0,75
2023-11-19T01:10:21,19,56,0,75
2023-11-19T01:26:12,19,56,0,75
2023-11-19T01:42:00,19,56,0,75
2023-11-19T01:57:49,19,56,0,75
2023-11-19T02:13:37,19,56,0,75
2023-11-19T02:29:26,19,56,0,75
2023-11-19T02:45:16,19,56,0,75
2023-11-19T03:01:12,19,56,0,75
2023-11-19T03:17:02,19,56,0,75
2023-11-19T03:32:57,19,56,0,75
2023-11-19T03:48:50,19,56,0,75
2023-11-19T04:04:54,19,56,0,75
2023-11-19T04:30:36,19,56,0,75
2023-11-19T04:49:56,19,56,0,75
2023-11-19T05:05:53,19,56,0,75
2023-11-19T05:21:47,19,56,0,75
2023-11-19T05:37:41,19,56,0,75
2023-11-19T05:53:34,19,56,0,75
2023-11-19T06:09:27,19,56,0,75
2023-11-19T06:25:20,19,56,0,75
2023-11-19T06:41:12,19,56,0,75
2023-11-19T06:57:05,19,56,0,75
2023-11-19T07:12:57,19,56,0,75
2023-11-19T07:28:49,19,56,0,75
2023-11-19T07:44:40,19,56,0,75
2023-11-19T08:00:30,19,56,0,75
2023-11-19T08:16:23,19,56,0,75
2023-11-19T08:32:19,19,56,0,75
2023-11-19T08:48:15,19,56,0,75
2023-11-19T09:04:06,20,55,0,75
2023-11-19T09:20:08,20,55,0,75
2023-11-19T09:35:57,20,55,0,75
2023-11-19T09:51:47,20,55,0,75
2023-11-19T10:07:37,20,55,0,75
2023-11-19T10:23:31,20,55,0,75
2023-11-19T10:39:28,20,55,0,75
2023-11-19T10:55:21,20,55,0,75
2023-11-19T11:11:14,20,55,0,75
2023-11-19T11:27:07,20,55,0,75
2023-11-19T11:42:57,20,55,0,75
2023-11-19T11:58:54,20,55,0,75
2023-11-19T12:14:44,20,55,0,75
2023-11-19T12:30:32,20,55,0,75
2023-11-19T12:46:19,20,55,0,75
2023-11-19T13:02:07,20,55,0,75
2023-11-19T13:17:54,21,54,0,75
2023-11-19T13:33:52,21,54,0,75
2023-11-19T13:49:40,21,54,0,75
2023-11-19T14:05:27,21,54,0,75
2023-11-19T14:21:15,21,54,0,75
2023-11-19T14:37:03,21,54,0,75
2023-11-19T14:52:50,21,54,0,75
2023-11-19T15:08:39,21,54,0,75
2023-11-19T15:24:36,22,53,0,75
2023-11-19T15:40:23,22,53,0,75
2023-11-19T15:56:11,22,53,0,75
2023-11-19T16:12:00,22,53,0,75
2023-11-19T16:27:49,22,53,0,75
2023-11-19T16:43:38,22,53,0,75
2023-11-19T16:59:26,22,53,0,75
2023-11-19T17:15:27,22,53,0,75
2023-11-19T17:31:14,22,53,0,75
2023-11-19T17:47:03,22,53,0,75
2023-11-19T18:02:51,22,53,0,75
2023-11-19T18:18:39,22,53,0,75
2023-11-19T18:34:26,22,53,0,75
2023-11-19T18:50:15,22,53,0,75
2023-11-19T19:06:14,22,53,0,75
2023-11-19T19:22:03,22,53,0,75
2023-11-19T19:37:52,22,53,0,75
2023-11-19T19:53:41,22,53,0,75
2023-11-19T20:09:30,22,53,0,75
2023-11-19T20:25:19,22,53,0,75
2023-11-19T20:41:17,22,53,0,75
2023-11-19T20:57:05,22,53,0,75
2023-11-19T21:12:53,22,53,0,75
2023-11-19T21:28:43,22,53,0,75
2023-11-19T21:44:33,22,53,0,75
2023-11-19T22:00:22,22,53,0,75
2023-11-19T22:16:19,22,53,0,75
2023-11-19T22:32:07,22,53,0,75
2023-11-19T22:47:55,22,53,0,75
2023-11-19T23:03:44,23,52,0,75
2023-11-19T23:19:32,23,52,0,75
2023-11-19T23:35:22,23,52,0,75
2023-11-19T23:51:11,23,52,0,75
2023-11-20T00:07:11,23,52,0,75
2023-11-20T00:23:09,23,52,0,75
2023-11-20T00:39:08,23,52,0,75
2023-11-20T00:55:02,23,52,0,75
2023-11-20T01:10:52,23,52,0,75
2023-11-20T01:26:47,23,52,0,75
2023-11-20T01:42:41,23,52,0,75
2023-11-20T01:58:33,23,52,0,75
2023-11-20T02:14:28,23,52,0,75
2023-11-20T02:30:19,23,52,0,75
2023-11-20T02:46:11,23,52,0,75
2023-11-20T03:02:04,23,52,0,75
2023-11-20T03:18:07,23,52,0,75
2023-11-20T03:33:58,23,52,0,75
2023-11-20T03:49:50,23,52,0,75
2023-11-20T04:05:43,23,52,0,75
2023-11-20T04:24:30,23,52,0,75
2023-11-20T04:40:26,23,52,0,75
2023-11-20T04:56:20,23,52,0,75
2023-11-20T05:12:16,23,52,0,75
2023-11-20T05:28:09,23,52,0,75
2023-11-20T05:44:01,23,52,0,75
2023-11-20T05:59:53,23,52,0,75
2023-11-20T06:15:45,23,52,0,75
2023-11-20T06:31:34,23,52,0,75
2023-11-20T06:47:23,23,52,0,75
2023-11-20T07:03:11,23,52,0,75
2023-11-20T07:18:59,24,51,0,75
2023-11-20T07:34:51,24,51,0,75
2023-11-20T07:50:40,24,51,0,75
2023-11-20T08:06:30,24,51,0,75
2023-11-20T08:22:22,24,51,0,75
2023-11-20T08:38:12,25,50,0,75
2023-11-20T08:54:13,25,50,0,75
2023-11-20T09:10:03,25,50,0,75
2023-11-20T09:25:53,25,50,0,75
2023-11-20T09:41:42,25,50,0,75
2023-11-20T09:57:30,25,50,0,75
2023-11-20T10:13:19,25,50,0,75
2023-11-20T10:29:22,25,50,0,75
2023-11-20T10:45:10,25,50,0,75
2023-11-20T11:00:58,25,50,0,75
2023-11-20T11:16:48,25,50,0,75
2023-11-20T11:32:37,25,50,0,75
2023-11-20T11:48:36,25,50,0,75
2023-11-20T12:04:25,25,50,0,75
2023-11-20T12:20:14,25,50,0,75
2023-11-20T12:36:12,26,49,0,75
2023-11-20T12:52:01,26,49,0,75
2023-11-20T13:07:48,26,49,0,75
2023-11-20T13:23:37,26,49,0,75
2023-11-20T13:39:35,26,49,0,75
2023-11-20T13:55:23,26,49,0,75
2023-11-20T14:11:12,26,49,0,75
2023-11-20T14:27:12,26,49,0,75
2023-11-20T14:43:01,26,49,0,75
2023-11-20T14:58:50,26,49,0,75
2023-11-20T15:14:50,26,49,0,75
2023-11-20T15:30:39,26,49,0,75
2023-11-20T15:46:29,25,50,0,75
2023-11-20T16:02:27,25,50,0,75
2023-11-20T16:18:17,25,50,0,75
2023-11-20T16:34:17,25,50,0,75
2023-11-20T16:50:06,25,50,0,75
2023-11-20T17:05:56,25,50,0,75
2023-11-20T17:21:48,25,50,0,75
2023-11-20T17:37:47,25,50,0,75
2023-11-20T17:53:36,25,50,0,75
2023-11-20T18:09:26,25,50,0,75
2023-11-20T18:25:15,25,50,0,75
2023-11-20T18:41:04,25,50,0,75
2023-11-20T18:57:02,25,50,0,75
2023-11-20T19:12:52,25,50,0,75
2023-11-20T19:28:41,25,50,0,75
2023-11-20T19:44:41,25,50,0,75
2023-11-20T20:00:30,25,50,0,75
2023-11-20T20:16:19,25,50,0,75
2023-11-20T20:32:19,25,50,0,75
2023-11-20T20:48:09,25,50,0,75
2023-11-20T21:03:58,25,50,0,75
2023-11-20T21:19:47,25,50,0,75
2023-11-20T21:35:37,25,50,0,75
2023-11-20T21:51:26,25,50,0,75
2023-11-20T22:07:16,25,50,0,75
2023-11-20T22:23:05,25,50,0,75
2023-11-20T22:39:05,25,50,0,75
2023-11-20T22:54:54,25,50,0,75
2023-11-20T23:10:44,25,50,0,75
2023-11-20T23:26:34,25,50,0,75
2023-11-20T23:42:24,25,50,0,75
2023-11-20T23:58:14,25,50,0,75
2023-11-21T00:15:20,25,50,0,75
2023-11-21T00:31:26,25,50,0,75
2023-11-21T00:47:51,25,50,0,75
2023-11-21T01:03:45,25,50,0,75
2023-11-21T01:19:37,25,50,0,75
2023-11-21T01:35:31,25,50,0,75
2023-11-21T01:51:24,25,50,0,75
2023-11-21T02:07:16,25,50,0,75
2023-11-21T02:23:08,25,50,0,75
2023-11-21T02:38:59,25,50,0,75
2023-11-21T02:54:52,25,50,0,75
2023-11-21T03:10:55,25,50,0,75
2023-11-21T03:26:49,25,50,0,75
2023-11-21T03:42:41,25,50,0,75
2023-11-21T03:58:34,25,50,0,75
2023-11-21T04:33:22,25,50,0,75
2023-11-21T04:49:17,25,50,0,75
2023-11-21T05:05:13,25,50,0,75
2023-11-21T05:21:12,25,50,0,75
2023-11-21T05:37:06,25,50,0,75
2023-11-21T05:52:59,25,50,0,75
2023-11-21T06:08:56,25,50,0,75
2023-11-21T06:24:48,25,50,0,75
2023-11-21T06:40:41,25,50,0,75
2023-11-21T06:56:33,25,50,0,75
2023-11-21T07:12:24,25,50,0,75
2023-11-21T07:28:17,25,50,0,75
2023-11-21T07:44:29,25,50,0,75
2023-11-21T08:00:20,25,50,0,75
2023-11-21T08:16:10,25,50,0,75
2023-11-21T08:32:01,25,50,0,75
2023-11-21T08:47:53,25,50,0,75
2023-11-21T09:03:44,25,50,0,75
2023-11-21T09:19:34,25,50,0,75
2023-11-21T09:35:25,25,50,0,75
2023-11-21T09:51:27,25,50,0,75
2023-11-21T10:07:20,25,50,0,75
2023-11-21T10:23:14,25,50,0,75
2023-11-21T10:39:30,25,50,0,75
2023-11-21T10:55:24,25,50,0,75
2023-11-21T11:11:19,25,50,0,75
2023-11-21T11:27:25,25,50,0,75
2023-11-21T11:43:19,25,50,0,75
2023-11-21T11:59:23,25,50,0,75
2023-11-21T12:15:19,25,50,0,75
2023-11-21T12:31:15,25,50,0,75
2023-11-21T12:47:20,25,50,0,75
2023-11-21T13:03:17,25,50,0,75
2023-11-21T13:19:14,25,50,0,75
2023-11-21T13:35:30,25,50,0,75
2023-11-21T13:51:28,25,50,0,75
2023-11-21T14:07:26,25,50,0,75
2023-11-21T14:23:32,25,50,0,75
2023-11-21T14:39:29,25,50,0,75
2023-11-21T14:55:26,25,50,0,75
2023-11-21T15:11:36,25,50,0,75
2023-11-21T15:27:33,25,50,0,75
2023-11-21T15:43:40,25,50,0,75
2023-11-21T15:59:37,25,50,0,75
2023-11-21T16:15:34,25,50,0,75
2023-11-21T16:31:31,25,50,0,75
2023-11-21T16:47:37,25,50,0,75
2023-11-21T17:03:34,25,50,0,75
2023-11-21T17:19:32,25,50,0,75
2023-11-21T17:35:29,25,50,0,75
2023-11-21T17:51:34,25,50,0,75
2023-11-21T18:07:31,25,50,0,75
2023-11-21T18:23:27,25,50,0,75
2023-11-21T18:39:23,25,50,0,75
2023-11-21T18:55:42,25,50,0,75
2023-11-21T19:11:38,25,50,0,75
2023-11-21T19:27:34,25,50,0,75
2023-11-21T19:43:30,25,50,0,75
2023-11-21T19:59:26,25,50,0,75
2023-11-21T20:15:35,25,50,0,75
2023-11-21T20:31:32,25,50,0,75
2023-11-21T20:47:29,25,50,0,75
2023-11-21T21:03:25,25,50,0,75
2023-11-21T21:19:21,25,50,0,75
2023-11-21T21:35:17,25,50,0,75
2023-11-21T21:51:24,25,50,0,75
2023-11-21T22:07:20,25,50,0,75
2023-11-21T22:23:16,25,50,0,75
2023-11-21T22:39:12,25,50,0,75
2023-11-21T22:55:09,25,50,0,75
2023-11-21T23:11:06,25,50,0,75
2023-11-21T23:27:02,25,50,0,75
2023-11-21T23:42:59,25,50,0,75
2023-11-21T23:59:06,25,50,0,75
2023-11-22T00:15:06,25,50,0,75
2023-11-22T00:31:06,25,50,0,75
2023-11-22T00:47:07,25,50,0,75
2023-11-22T01:03:08,25,50,0,75
2023-11-22T01:19:10,25,50,0,75
2023-11-22T01:35:45,25,50,0,75
2023-11-22T01:51:47,25,50,0,75
2023-11-22T02:07:47,25,50,0,75
2023-11-22T02:23:46,25,50,0,75
2023-11-22T02:39:46,25,50,0,75
2023-11-22T02:55:44,25,50,0,75
2023-11-22T03:11:59,25,50,0,75
2023-11-22T03:28:00,25,50,0,75
2023-11-22T03:44:00,25,50,0,75
2023-11-22T04:00:02,25,50,0,75
2023-11-22T04:16:03,25,50,0,75
2023-11-22T04:36:00,25,50,0,75
2023-11-22T04:53:33,25,50,0,75
2023-11-22T05:09:35,25,50,0,75
2023-11-22T05:25:36,25,50,0,75
2023-11-22T05:41:37,25,50,0,75
2023-11-22T05:57:38,25,50,0,75
2023-11-22T06:13:43,25,50,0,75
2023-11-22T06:29:45,25,50,0,75
2023-11-22T06:45:45,25,50,0,75
2023-11-22T07:01:45,25,50,0,75
2023-11-22T07:17:45,25,50,0,75
2023-11-22T07:33:44,25,50,0,75
2023-11-22T07:49:40,25,50,0,75
2023-11-22T08:05:36,25,50,0,75
2023-11-22T08:21:32,25,50,0,75
2023-11-22T08:37:39,25,50,0,75
2023-11-22T08:53:36,25,50,0,75
2023-11-22T09:09:34,25,50,0,75
2023-11-22T09:25:31,25,50,0,75
2023-11-22T09:41:39,25,50,0,75
2023-11-22T09:57:37,25,50,0,75
2023-11-22T10:13:35,25,50,0,75
2023-11-22T10:29:32,25,50,0,75
2023-11-22T10:45:31,25,50,0,75
2023-11-22T11:01:40,25,50,0,75
2023-11-22T11:17:38,25,50,0,75
2023-11-22T11:33:37,25,50,0,75
2023-11-22T11:49:36,26,49,0,75
2023-11-22T12:05:49,26,49,0,75
2023-11-22T12:21:48,26,49,0,75
2023-11-22T12:37:46,26,49,0,75
2023-11-22T12:53:44,26,49,0,75
2023-11-22T13:09:54,26,49,0,75
2023-11-22T13:25:53,26,49,0,75
2023-11-22T13:41:52,26,49,0,75
2023-11-22T13:57:53,26,49,0,75
2023-11-22T14:14:04,26,49,0,75
2023-11-22T14:30:06,26,49,0,75
2023-11-22T14:46:08,26,49,0,75
2023-11-22T15:02:10,26,49,0,75
2023-11-22T15:18:23,26,49,0,75
2023-11-22T15:34:24,26,49,0,75
2023-11-22T15:50:26,26,49,0,75
2023-11-22T16:06:37,26,49,0,75
2023-11-22T16:22:38,26,49,0,75
2023-11-22T16:38:39,26,49,0,75
2023-11-22T16:54:40,26,49,0,75
2023-11-22T17:10:42,26,49,0,75
2023-11-22T17:26:57,26,49,0,75
2023-11-22T17:42:58,26,49,0,75
2023-11-22T17:58:59,26,49,0,75
2023-11-22T18:15:10,26,49,0,75
2023-11-22T18:31:12,26,49,0,75
2023-11-22T18:47:13,26,49,0,75
2023-11-22T19:03:15,26,49,0,75
2023-11-22T19:19:16,26,49,0,75
2023-11-22T19:35:28,26,49,0,75
2023-11-22T19:51:29,26,49,0,75
2023-11-22T20:07:32,26,49,0,75
2023-11-22T20:23:33,26,49,0,75
2023-11-22T20:39:35,26,49,0,75
2023-11-22T20:55:37,26,49,0,75
2023-11-22T21:11:49,26,49,0,75
2023-11-22T21:27:50,26,49,0,75
2023-11-22T21:43:51,26,49,0,75
2023-11-22T21:59:52,26,49,0,75
2023-11-22T22:15:55,26,49,0,75
2023-11-22T22:31:57,26,49,0,75
2023-11-22T22:48:08,26,49,0,75
2023-11-22T23:04:10,26,49,0,75
2023-11-22T23:20:13,26,49,0,75
2023-11-22T23:36:15,26,49,0,75
2023-11-22T23:52:17,26,49,0,75
2023-11-23T00:08:21,26,49,0,75
2023-11-23T00:24:38,26,49,0,75
2023-11-23T00:40:43,26,49,0,75
2023-11-23T00:56:49,26,49,0,75
2023-11-23T01:12:57,26,49,0,75
2023-11-23T01:29:02,26,49,0,75
2023-11-23T01:45:09,26,49,0,75
2023-11-23T02:01:15,26,49,0,75
2023-11-23T02:17:20,26,49,0,75
2023-11-23T02:33:24,26,49,0,75
2023-11-23T02:49:28,26,49,0,75
2023-11-23T03:05:30,26,49,0,75
2023-11-23T03:21:36,26,49,0,75
2023-11-23T03:37:40,26,49,0,75
2023-11-23T03:53:44,26,49,0,75
2023-11-23T04:09:50,26,49,0,75
2023-11-23T04:30:22,26,49,0,75
2023-11-23T04:46:31,26,49,0,75
2023-11-23T05:02:39,26,49,0,75
2023-11-23T05:18:46,26,49,0,75
2023-11-23T05:34:53,26,49,0,75
2023-11-23T05:50:59,26,49,0,75
2023-11-23T06:07:09,26,49,0,75
2023-11-23T06:23:14,26,49,0,75
2023-11-23T06:39:19,26,49,0,75
2023-11-23T06:55:25,26,49,0,75
2023-11-23T07:11:30,26,49,0,75
2023-11-23T07:27:34,26,49,0,75
2023-11-23T07:43:38,26,49,0,75
2023-11-23T07:59:42,26,49,0,75
2023-11-23T08:15:58,26,49,0,75
2023-11-23T08:32:03,26,49,0,75
2023-11-23T08:48:08,26,49,0,75
2023-11-23T09:04:13,26,49,0,75
2023-11-23T09:20:16,26,49,0,75
2023-11-23T09:36:21,26,49,0,75
2023-11-23T09:52:24,26,49,0,75
2023-11-23T10:08:29,26,49,0,75
2023-11-23T10:24:32,26,49,0,75
2023-11-23T10:40:36,26,49,0,75
2023-11-23T10:56:48,26,49,0,75
2023-11-23T11:12:51,26,49,0,75
2023-11-23T11:28:53,26,49,0,75
2023-11-23T11:44:54,26,49,0,75
2023-11-23T12:00:56,26,49,0,75
2023-11-23T12:16:58,26,49,0,75
2023-11-23T12:33:08,26,49,0,75
2023-11-23T12:49:09,26,49,0,75
2023-11-23T13:05:11,26,49,0,75
2023-11-23T13:21:12,26,49,0,75
2023-11-23T13:37:13,26,49,0,75
2023-11-23T13:53:14,26,49,0,75
2023-11-23T14:09:15,26,49,0,75
2023-11-23T14:25:16,26,49,0,75
2023-11-23T14:41:26,26,49,0,75
2023-11-23T14:57:27,26,49,0,75
2023-11-23T15:13:29,26,49,0,75
2023-11-23T15:29:30,26,49,0,75
2023-11-23T15:45:31,26,49,0,75
2023-11-23T16:01:32,26,49,0,75
2023-11-23T16:17:33,26,49,0,75
2023-11-23T16:33:43,26,49,0,75
2023-11-23T16:49:44,26,49,0,75
2023-11-23T17:05:46,26,49,0,75
2023-11-23T17:21:48,26,49,0,75
2023-11-23T17:37:50,26,49,0,75
2023-11-23T17:53:52,26,49,0,75
2023-11-23T18:09:53,26,49,0,75
2023-11-23T18:25:56,26,49,0,75
2023-11-23T18:42:07,26,49,0,75
2023-11-23T18:58:08,26,49,0,75
2023-11-23T19:14:10,26,49,0,75
2023-11-23T19:30:13,26,49,0,75
2023-11-23T19:46:15,26,49,0,75
2023-11-23T20:02:17,26,49,0,75
2023-11-23T20:18:18,26,49,0,75
2023-11-23T20:34:21,26,49,0,75
2023-11-23T20:50:34,26,49,0,75
2023-11-23T21:06:36,26,49,0,75
2023-11-23T21:22:37,26,49,0,75
2023-11-23T21:38:39,26,49,0,75
2023-11-23T21:54:41,26,49,0,75
2023-11-23T22:10:42,26,49,0,75
2023-11-23T22:26:43,26,49,0,75
2023-11-23T22:42:55,26,49,0,75
2023-11-23T22:58:56,26,49,0,75
2023-11-23T23:14:59,26,49,0,75
2023-11-23T23:31:01,26,49,0,75
2023-11-23T23:47:03,26,49,0,75
2023-11-24T00:03:05,26,49,0,75
2023-11-24T00:19:12,26,49,0,75
2023-11-24T00:35:16,26,49,0,75
2023-11-24T00:51:21,26,49,0,75
2023-11-24T01:07:38,26,49,0,75
2023-11-24T01:23:43,26,49,0,75
2023-11-24T01:39:49,26,49,0,75
2023-11-24T01:55:54,26,49,0,75
2023-11-24T02:12:00,26,49,0,75
2023-11-24T02:28:04,26,49,0,75
2023-11-24T02:44:09,26,49,0,75
2023-11-24T03:00:12,26,49,0,75
2023-11-24T03:16:17,26,49,0,75
2023-11-24T03:32:31,26,49,0,75
2023-11-24T03:48:36,26,49,0,75
2023-11-24T04:04:42,26,49,0,75
2023-11-24T04:28:50,26,49,0,75
2023-11-24T04:46:36,26,49,0,75
2023-11-24T05:02:42,26,49,0,75
2023-11-24T05:18:49,26,49,0,75
2023-11-24T05:34:55,26,49,0,75
2023-11-24T05:51:02,26,49,0,75
2023-11-24T06:07:11,26,49,0,75
2023-11-24T06:23:14,26,49,0,75
2023-11-24T06:39:18,26,49,0,75
2023-11-24T06:55:21,26,49,0,75
2023-11-24T07:11:31,26,49,0,75
2023-11-24T07:27:32,26,49,0,75
2023-11-24T07:43:34,26,49,0,75
2023-11-24T07:59:35,26,49,0,75
2023-11-24T08:15:38,26,49,0,75
2023-11-24T08:31:39,26,49,0,75
2023-11-24T08:47:41,26,49,0,75
2023-11-24T09:03:42,26,49,0,75
2023-11-24T09:19:43,26,49,0,75
2023-11-24T09:35:55,26,49,0,75
2023-11-24T09:51:56,26,49,0,75
2023-11-24T10:07:57,26,49,0,75
2023-11-24T10:23:59,26,49,0,75
2023-11-24T10:40:00,26,49,0,75
2023-11-24T10:56:01,26,49,0,75
2023-11-24T11:12:11,26,49,0,75
2023-11-24T11:28:12,26,49,0,75
2023-11-24T11:44:13,26,49,0,75
2023-11-24T12:00:14,26,49,0,75
2023-11-24T12:16:25,26,49,0,75
2023-11-24T12:32:27,26,49,0,75
2023-11-24T12:48:28,26,49,0,75
2023-11-24T13:04:29,26,49,0,75
2023-11-24T13:20:30,26,49,0,75
2023-11-24T13:36:40,26,49,0,75
2023-11-24T13:52:41,26,49,0,75
2023-11-24T14:08:41,26,49,0,75
2023-11-24T14:24:42,26,49,0,75
2023-11-24T14:40:52,26,49,0,75
2023-11-24T14:56:53,26,49,0,75
2023-11-24T15:12:58,26,49,0,75
2023-11-24T15:29:08,26,49,0,75
2023-11-24T15:45:09,26,49,0,75
2023-11-24T16:01:09,26,49,0,75
2023-11-24T16:17:10,26,49,0,75
2023-11-24T16:33:11,26,49,0,75
2023-11-24T16:49:21,26,49,0,75
2023-11-24T17:05:22,26,49,0,75
2023-11-24T17:21:24,26,49,0,75
2023-11-24T17:37:25,26,49,0,75
2023-11-24T17:53:26,26,49,0,75
2023-11-24T18:09:37,26,49,0,75
2023-11-24T18:25:39,26,49,0,75
2023-11-24T18:41:40,26,49,0,75
2023-11-24T18:57:42,26,49,0,75
2023-11-24T19:13:44,26,49,0,75
2023-11-24T19:29:56,26,49,0,75
2023-11-24T19:45:57,26,49,0,75
2023-11-24T20:01:58,26,49,0,75
2023-11-24T20:18:00,26,49,0,75
2023-11-24T20:34:02,26,49,0,75
2023-11-24T20:50:12,26,49,0,75
2023-11-24T21:06:14,26,49,0,75
2023-11-24T21:22:15,26,49,0,75
2023-11-24T21:38:16,26,49,0,75
2023-11-24T21:54:18,26,49,0,75
2023-11-24T22:10:19,26,49,0,75
2023-11-24T22:26:31,26,49,0,75
2023-11-24T22:42:32,26,49,0,75
2023-11-24T22:58:33,26,49,0,75
2023-11-24T23:14:36,26,49,0,75
2023-11-24T23:30:38,26,49,0,75
2023-11-24T23:46:41,26,49,0,75
2023-11-25T00:02:55,26,49,0,75
2023-11-25T00:19:02,26,49,0,75
2023-11-25T00:35:06,26,49,0,75
2023-11-25T00:51:11,26,49,0,75
2023-11-25T01:07:17,26,49,0,75
2023-11-25T01:23:21,26,49,0,75
2023-11-25T01:39:27,26,49,0,75
2023-11-25T01:55:31,26,49,0,75
2023-11-25T02:11:37,26,49,0,75
2023-11-25T02:27:49,26,49,0,75
2023-11-25T02:43:54,26,49,0,75
2023-11-25T02:59:58,26,49,0,75
2023-11-25T03:16:03,26,49,0,75
2023-11-25T03:32:08,26,49,0,75
2023-11-25T03:48:12,26,49,0,75
2023-11-25T04:04:18,26,49,0,75
2023-11-25T04:25:39,26,49,0,75
2023-11-25T04:41:46,26,49,0,75
2023-11-25T04:57:53,26,49,0,75
2023-11-25T05:14:00,26,49,0,75
2023-11-25T05:30:07,26,49,0,75
2023-11-25T05:46:14,26,49,0,75
2023-11-25T06:02:19,26,49,0,75
2023-11-25T06:18:27,26,49,0,75
2023-11-25T06:34:32,26,49,0,75
2023-11-25T06:50:35,26,49,0,75
2023-11-25T07:06:37,26,49,0,75
2023-11-25T07:22:39,26,49,0,75
2023-11-25T07:38:51,26,49,0,75
2023-11-25T07:54:54,26,49,0,75
2023-11-25T08:10:56,26,49,0,75
2023-11-25T08:26:58,26,49,0,75
2023-11-25T08:42:59,26,49,0,75
2023-11-25T08:59:01,26,49,0,75
2023-11-25T09:15:02,26,49,0,75
2023-11-25T09:31:04,26,49,0,75
2023-11-25T09:47:05,26,49,0,75
2023-11-25T10:03:16,26,49,0,75
2023-11-25T10:19:18,26,49,0,75
2023-11-25T10:35:20,26,49,0,75
2023-11-25T10:51:21,26,49,0,75
2023-11-25T11:07:23,26,49,0,75
2023-11-25T11:23:25,26,49,0,75
2023-11-25T11:39:40,26,49,0,75
2023-11-25T11:55:41,26,49,0,75
2023-11-25T12:11:46,26,49,0,75
2023-11-25T12:27:55,26,49,0,75
2023-11-25T12:43:56,26,49,0,75
2023-11-25T12:59:57,26,49,0,75
2023-11-25T13:15:58,26,49,0,75
2023-11-25T13:32:00,26,49,0,75
2023-11-25T13:48:13,26,49,0,75
2023-11-25T14:04:14,26,49,0,75
2023-11-25T14:20:15,26,49,0,75
2023-11-25T14:36:17,26,49,0,75
2023-11-25T14:52:18,26,49,0,75
2023-11-25T15:08:29,26,49,0,75
2023-11-25T15:24:30,26,49,0,75
2023-11-25T15:40:31,26,49,0,75
2023-11-25T15:56:33,26,49,0,75
2023-11-25T16:12:43,26,49,0,75
2023-11-25T16:28:44,26,49,0,75
2023-11-25T16:44:45,26,49,0,75
2023-11-25T17:00:46,26,49,0,75
2023-11-25T17:16:50,26,49,0,75
2023-11-25T17:33:01,27,48,0,75
2023-11-25T17:49:02,27,48,0,75
2023-11-25T18:05:04,27,48,0,75
2023-11-25T18:21:05,27,48,0,75
2023-11-25T18:37:07,27,48,0,75
2023-11-25T18:53:20,27,48,0,75
2023-11-25T19:09:22,27,48,0,75
2023-11-25T19:25:24,27,48,0,75
2023-11-25T19:41:26,27,48,0,75
2023-11-25T19:57:38,27,48,0,75
2023-11-25T20:13:41,27,48,0,75
2023-11-25T20:29:43,27,48,0,75
2023-11-25T20:45:46,27,48,0,75
2023-11-25T21:01:49,27,48,0,75
2023-11-25T21:17:59,27,48,0,75
2023-11-25T21:34:01,27,48,0,75
2023-11-25T21:50:02,27,48,0,75
2023-11-25T22:06:03,27,48,0,75
2023-11-25T22:22:04,27,48,0,75
2023-11-25T22:38:06,27,48,0,75
2023-11-25T22:54:18,27,48,0,75
2023-11-25T23:10:20,27,48,0,75
2023-11-25T23:26:22,27,48,0,75
2023-11-25T23:42:23,27,48,0,75
2023-11-25T23:58:25,27,48,0,75
2023-11-26T00:14:28,27,48,0,75
2023-11-26T00:30:34,27,48,0,75
2023-11-26T00:46:38,27,48,0,75
2023-11-26T01:02:51,27,48,0,75
2023-11-26T01:18:54,27,48,0,75
2023-11-26T01:34:56,27,48,0,75
2023-11-26T01:50:58,27,48,0,75
2023-11-26T02:07:00,27,48,0,75
2023-11-26T02:23:02,27,48,0,75
2023-11-26T02:39:09,27,48,0,75
2023-11-26T02:55:16,27,48,0,75
2023-11-26T03:11:49,27,48,0,75
2023-11-26T03:28:06,27,48,0,75
2023-11-26T03:44:13,27,48,0,75
2023-11-26T04:00:38,27,48,0,75
2023-11-26T04:26:14,27,48,0,75
2023-11-26T04:42:25,27,48,0,75
2023-11-26T04:58:34,27,48,0,75
2023-11-26T05:14:42,27,48,0,75
2023-11-26T05:30:49,27,48,0,75
2023-11-26T05:46:54,27,48,0,75
2023-11-26T06:03:04,27,48,0,75
2023-11-26T06:19:10,27,48,0,75
2023-11-26T06:35:15,27,48,0,75
2023-11-26T06:51:20,27,48,0,75
2023-11-26T07:07:24,27,48,0,75
2023-11-26T07:23:29,27,48,0,75
2023-11-26T07:39:33,27,48,0,75
2023-11-26T07:55:36,27,48,0,75
2023-11-26T08:11:45,27,48,0,75
2023-11-26T08:27:49,27,48,0,75
2023-11-26T08:43:51,27,48,0,75
2023-11-26T08:59:52,27,48,0,75
2023-11-26T09:15:54,27,48,0,75
2023-11-26T09:32:12,27,48,0,75
2023-11-26T09:48:16,27,48,0,75
2023-11-26T10:04:17,27,48,0,75
2023-11-26T10:20:19,27,48,0,75
2023-11-26T10:36:25,27,48,0,75
2023-11-26T10:52:31,27,48,0,75
2023-11-26T11:08:37,27,48,0,75
2023-11-26T11:24:40,27,48,0,75
2023-11-26T11:40:45,27,48,0,75
2023-11-26T11:56:48,27,48,0,75
2023-11-26T12:12:52,27,48,0,75
2023-11-26T12:28:54,27,48,0,75
2023-11-26T12:44:56,27,48,0,75
2023-11-26T13:00:57,27,48,0,75
2023-11-26T13:16:58,27,48,0,75
2023-11-26T13:32:59,27,48,0,75
2023-11-26T13:49:00,27,48,0,75
2023-11-26T14:05:17,27,48,0,75
2023-11-26T14:21:18,27,48,0,75
2023-11-26T14:37:20,27,48,0,75
2023-11-26T14:53:21,27,48,0,75
2023-11-26T15:09:24,27,48,0,75
2023-11-26T15:25:34,27,48,0,75
2023-11-26T15:41:35,27,48,0,75
2023-11-26T15:57:36,27,48,0,75
2023-11-26T16:13:37,27,48,0,75
2023-11-26T16:29:39,27,48,0,75
2023-11-26T16:45:41,27,48,0,75
2023-11-26T17:01:59,27,48,0,75
2023-11-26T17:18:01,27,48,0,75
2023-11-26T17:34:03,27,48,0,75
2023-11-26T17:50:05,27,48,0,75
2023-11-26T18:06:06,27,48,0,75
2023-11-26T18:22:08,27,48,0,75
2023-11-26T18:38:19,27,48,0,75
2023-11-26T18:54:20,27,48,0,75
2023-11-26T19:10:25,27,48,0,75
2023-11-26T19:26:27,27,48,0,75
2023-11-26T19:42:28,27,48,0,75
2023-11-26T19:58:39,27,48,0,75
2023-11-26T20:14:40,27,48,0,75
2023-11-26T20:30:42,27,48,0,75
2023-11-26T20:46:43,27,48,0,75
2023-11-26T21:02:45,27,48,0,75
2023-11-26T21:19:03,27,48,0,75
2023-11-26T21:35:06,27,48,0,75
2023-11-26T21:51:08,27,48,0,75
2023-11-26T22:07:09,27,48,0,75
2023-11-26T22:23:21,27,48,0,75
2023-11-26T22:39:23,27,48,0,75
2023-11-26T22:55:25,27,48,0,75
2023-11-26T23:11:27,27,48,0,75
2023-11-26T23:27:30,27,48,0,75
2023-11-26T23:43:49,27,48,0,75
2023-11-26T23:59:52,27,48,0,75
2023-11-27T00:16:05,27,48,0,75
2023-11-27T00:32:22,27,48,0,75
2023-11-27T00:48:28,27,48,0,75
2023-11-27T01:04:32,27,48,0,75
2023-11-27T01:20:43,27,48,0,75
2023-11-27T01:36:49,27,48,0,75
2023-11-27T01:53:04,27,48,0,75
2023-11-27T02:09:10,27,48,0,75
2023-11-27T02:25:14,27,48,0,75
2023-11-27T02:41:19,27,48,0,75
2023-11-27T02:57:22,27,48,0,75
2023-11-27T03:13:26,27,48,0,75
2023-11-27T03:29:30,27,48,0,75
2023-11-27T03:45:34,27,48,0,75
2023-11-27T04:01:38,27,48,0,75
2023-11-27T04:36:49,27,48,0,75
2023-11-27T04:52:58,27,48,0,75
2023-11-27T05:09:07,27,48,0,75
2023-11-27T05:25:12,27,48,0,75
2023-11-27T05:41:18,27,48,0,75
2023-11-27T05:57:23,27,48,0,75
2023-11-27T06:13:31,27,48,0,75
2023-11-27T06:29:35,27,48,0,75
2023-11-27T06:45:38,27,48,0,75
2023-11-27T07:01:40,27,48,0,75
2023-11-27T07:17:42,27,48,0,75
2023-11-27T07:33:43,27,48,0,75
2023-11-27T07:49:53,27,48,0,75
2023-11-27T08:05:55,27,48,0,75
2023-11-27T08:21:57,27,48,0,75
2023-11-27T08:38:01,27,48,0,75
2023-11-27T08:54:03,27,48,0,75
2023-11-27T09:10:07,27,48,0,75
2023-11-27T09:26:14,27,48,0,75
2023-11-27T09:42:30,27,48,0,75
2023-11-27T09:58:34,27,48,0,75
2023-11-27T10:14:41,27,48,0,75
2023-11-27T10:30:59,27,48,0,75
2023-11-27T10:47:05,27,48,0,75
2023-11-27T11:03:23,27,48,0,75
2023-11-27T11:19:29,27,48,0,75
2023-11-27T11:35:35,27,48,0,75
2023-11-27T11:51:53,27,48,0,75
2023-11-27T12:08:10,27,48,0,75
2023-11-27T12:24:17,27,48,0,75
2023-11-27T12:40:24,28,47,0,75
2023-11-27T12:56:39,28,47,0,75
2023-11-27T13:12:48,27,48,0,75
2023-11-27T13:29:03,27,48,0,75
2023-11-27T13:45:11,27,48,0,75
2023-11-27T14:01:29,27,48,0,75
2023-11-27T14:17:36,27,48,0,75
2023-11-27T14:33:53,27,48,0,75
2023-11-27T14:49:58,27,48,0,75
2023-11-27T15:06:22,27,48,0,75
2023-11-27T15:22:29,27,48,0,75
2023-11-27T15:38:45,27,48,0,75
2023-11-27T15:54:52,27,48,0,75
2023-11-27T16:10:58,28,47,0,75
2023-11-27T16:27:15,28,47,0,75
2023-11-27T16:43:24,28,47,0,75
2023-11-27T16:59:41,28,47,0,75
2023-11-27T17:16:02,28,47,0,75
2023-11-27T17:32:09,28,47,0,75
2023-11-27T17:48:26,27,48,0,75
2023-11-27T18:04:41,27,48,0,75
2023-11-27T18:20:48,27,48,0,75
2023-11-27T18:37:08,27,48,0,75
2023-11-27T18:53:16,27,48,0,75
2023-11-27T19:09:23,27,48,0,75
2023-11-27T19:25:42,27,48,0,75
2023-11-27T19:41:45,26,49,0,75
2023-11-27T19:57:59,26,49,0,75
2023-11-27T20:14:04,26,49,0,75
2023-11-27T20:30:07,26,49,0,75
2023-11-27T20:46:21,26,49,0,75
2023-11-27T21:02:24,26,49,0,75
2023-11-27T21:18:28,27,48,0,75
2023-11-27T21:34:33,28,47,0,75
2023-11-27T21:50:47,29,46,0,75
2023-11-27T22:06:50,29,46,0,75
2023-11-27T22:22:52,29,46,0,75
2023-11-27T22:38:56,29,46,0,75
2023-11-27T22:55:10,29,46,0,75
2023-11-27T23:11:13,29,46,0,75
2023-11-27T23:27:17,29,46,0,75
2023-11-27T23:43:21,29,46,0,75
2023-11-27T23:59:24,29,46,0,75
2023-11-28T00:15:41,29,46,0,75
2023-11-28T00:31:52,29,46,0,75
2023-11-28T00:47:59,29,46,0,75
2023-11-28T01:04:08,29,46,0,75
2023-11-28T01:20:15,29,46,0,75
2023-11-28T01:36:24,29,46,0,75
2023-11-28T01:52:32,29,46,0,75
2023-11-28T02:08:39,29,46,0,75
2023-11-28T02:24:44,29,46,0,75
2023-11-28T02:41:00,29,46,0,75
2023-11-28T02:57:06,29,46,0,75
2023-11-28T03:13:12,29,46,0,75
2023-11-28T03:29:17,29,46,0,75
2023-11-28T03:45:23,29,46,0,75
2023-11-28T04:01:30,29,46,0,75
2023-11-28T04:30:43,29,46,0,75
2023-11-28T04:46:52,29,46,0,75
2023-11-28T05:03:02,29,46,0,75
2023-11-28T05:19:10,29,46,0,75
2023-11-28T05:35:17,29,46,0,75
2023-11-28T05:51:24,29,46,0,75
2023-11-28T06:07:33,29,46,0,75
2023-11-28T06:23:44,29,46,0,75
2023-11-28T06:39:50,29,46,0,75
2023-11-28T06:55:56,29,46,0,75
2023-11-28T07:12:02,29,46,0,75
2023-11-28T07:28:07,29,46,0,75
2023-11-28T07:44:11,29,46,0,75
2023-11-28T08:00:15,29,46,0,75
2023-11-28T08:16:38,29,46,0,75
2023-11-28T08:32:43,29,46,0,75
2023-11-28T08:48:48,29,46,0,75
2023-11-28T09:04:52,29,46,0,75
2023-11-28T09:20:54,29,46,0,75
2023-11-28T09:36:58,29,46,0,75
2023-11-28T09:53:18,29,46,0,75
2023-11-28T10:09:22,30,45,0,75
2023-11-28T10:25:25,30,45,0,75
2023-11-28T10:41:39,30,45,0,75
2023-11-28T10:57:42,30,45,0,75
2023-11-28T11:13:45,30,45,0,75
2023-11-28T11:30:07,30,45,0,75
2023-11-28T11:46:11,30,45,0,75
2023-11-28T12:02:14,31,44,0,75
2023-11-28T12:18:28,31,44,0,75
2023-11-28T12:34:32,31,44,0,75
2023-11-28T12:50:35,31,44,0,75
2023-11-28T13:06:51,31,44,0,75
2023-11-28T13:22:54,31,44,0,75
2023-11-28T13:38:58,31,44,0,75
2023-11-28T13:55:45,31,44,0,75
2023-11-28T14:11:40,31,44,0,75
2023-11-28T14:27:37,31,44,0,75
2023-11-28T14:43:44,31,44,0,75
2023-11-28T14:59:40,31,44,0,75
2023-11-28T15:15:36,31,44,0,75
2023-11-28T15:31:52,31,44,0,75
2023-11-28T15:47:48,31,44,0,75
2023-11-28T16:03:45,31,44,0,75
2023-11-28T16:19:40,31,44,0,75
2023-11-28T16:35:48,31,44,0,75
2023-11-28T16:51:44,31,44,0,75
2023-11-28T17:07:45,31,44,0,75
2023-11-28T17:23:54,31,44,0,75
2023-11-28T17:39:50,30,45,0,75
2023-11-28T17:55:47,31,44,0,75
2023-11-28T18:11:45,31,44,0,75
2023-11-28T18:27:42,31,44,0,75
2023-11-28T18:43:57,31,44,0,75
2023-11-28T18:59:54,31,44,0,75
2023-11-28T19:15:52,31,44,0,75
2023-11-28T19:31:49,31,44,0,75
2023-11-28T19:47:56,31,44,0,75
2023-11-28T20:03:52,31,44,0,75
2023-11-28T20:19:49,31,44,0,75
2023-11-28T20:35:46,31,44,0,75
2023-11-28T20:52:04,31,44,0,75
2023-11-28T21:08:00,31,44,0,75
2023-11-28T21:23:57,31,44,0,75
2023-11-28T21:39:55,31,44,0,75
2023-11-28T21:55:51,31,44,0,75
2023-11-28T22:11:58,31,44,0,75
2023-11-28T22:27:54,31,44,0,75
2023-11-28T22:43:51,31,44,0,75
2023-11-28T22:59:48,31,44,0,75
2023-11-28T23:15:46,31,44,0,75
2023-11-28T23:31:44,31,44,0,75
2023-11-28T23:47:52,31,44,0,75
2023-11-29T00:03:50,31,44,0,75
2023-11-29T00:19:58,32,43,0,75
2023-11-29T00:36:01,31,44,0,75
2023-11-29T00:52:03,31,44,0,75
2023-11-29T01:08:06,31,44,0,75
2023-11-29T01:24:08,31,44,0,75
2023-11-29T01:41:07,31,44,0,75
2023-11-29T01:57:09,31,44,0,75
2023-11-29T02:13:11,31,44,0,75
2023-11-29T02:30:27,31,44,0,75
2023-11-29T02:46:34,31,44,0,75
2023-11-29T03:02:41,31,44,0,75
2023-11-29T03:18:51,31,44,0,75
2023-11-29T03:35:31,31,44,0,75
2023-11-29T03:51:40,31,44,0,75
2023-11-29T04:25:25,31,44,0,75
2023-11-29T04:41:56,31,44,0,75
2023-11-29T04:58:08,31,44,0,75
2023-11-29T05:14:17,31,44,0,75
2023-11-29T05:30:26,31,44,0,75
2023-11-29T05:46:35,31,44,0,75
2023-11-29T06:02:45,31,44,0,75
2023-11-29T06:18:55,31,44,0,75
2023-11-29T06:35:03,31,44,0,75
2023-11-29T06:51:12,31,44,0,75
2023-11-29T07:07:21,31,44,0,75
2023-11-29T07:23:29,31,44,0,75
2023-11-29T07:39:36,31,44,0,75
2023-11-29T07:55:44,31,44,0,75
2023-11-29T08:11:59,31,44,0,75
2023-11-29T08:28:05,31,44,0,75
2023-11-29T08:44:10,31,44,0,75
2023-11-29T09:00:17,31,44,0,75
2023-11-29T09:16:23,31,44,0,75
2023-11-29T09:32:28,31,44,0,75
2023-11-29T09:48:33,31,44,0,75
2023-11-29T10:04:37,31,44,0,75
2023-11-29T10:20:51,31,44,0,75
2023-11-29T10:36:57,31,44,0,75
2023-11-29T10:53:03,31,44,0,75
2023-11-29T11:09:09,31,44,0,75
2023-11-29T11:25:26,31,44,0,75
2023-11-29T11:41:31,31,44,0,75
2023-11-29T11:57:36,31,44,0,75
2023-11-29T12:13:41,31,44,0,75
2023-11-29T12:29:58,31,44,0,75
2023-11-29T12:46:02,31,44,0,75
2023-11-29T13:02:07,31,44,0,75
2023-11-29T13:18:12,31,44,0,75
2023-11-29T13:34:26,31,44,0,75
2023-11-29T13:50:31,31,44,0,75
2023-11-29T14:06:36,31,44,0,75
2023-11-29T14:22:50,31,44,0,75
2023-11-29T14:38:55,31,44,0,75
2023-11-29T14:54:59,31,44,0,75
2023-11-29T15:11:16,31,44,0,75
2023-11-29T15:27:21,31,44,0,75
2023-11-29T15:43:25,31,44,0,75
2023-11-29T15:59:41,31,44,0,75
2023-11-29T16:15:45,31,44,0,75
2023-11-29T16:31:50,31,44,0,75
2023-11-29T16:48:06,31,44,0,75
2023-11-29T17:04:10,31,44,0,75
2023-11-29T17:20:16,31,44,0,75
2023-11-29T17:36:21,31,44,0,75
2023-11-29T17:52:25,31,44,0,75
2023-11-29T18:08:41,31,44,0,75
2023-11-29T18:24:46,31,44,0,75
2023-11-29T18:40:51,31,44,0,75
2023-11-29T18:56:56,31,44,0,75
2023-11-29T19:13:14,31,44,0,75
2023-11-29T19:29:18,31,44,0,75
2023-11-29T19:45:23,31,44,0,75
2023-11-29T20:01:27,31,44,0,75
2023-11-29T20:17:32,31,44,0,75
2023-11-29T20:33:36,31,44,0,75
2023-11-29T20:49:50,31,44,0,75
2023-11-29T21:05:55,31,44,0,75
2023-11-29T21:22:00,31,44,0,75
2023-11-29T21:38:05,31,44,0,75
2023-11-29T21:54:09,31,44,0,75
2023-11-29T22:10:14,31,44,0,75
2023-11-29T22:26:29,31,44,0,75
2023-11-29T22:42:34,31,44,0,75
2023-11-29T22:58:39,31,44,0,75
2023-11-29T23:14:44,31,44,0,75
2023-11-29T23:30:50,31,44,0,75
2023-11-29T23:46:56,31,44,0,75
2023-11-30T00:03:12,31,44,0,75
2023-11-30T00:19:28,31,44,0,75
2023-11-30T00:35:37,31,44,0,75
2023-11-30T00:51:48,31,44,0,75
2023-11-30T01:07:58,31,44,0,75
2023-11-30T01:24:06,31,44,0,75
2023-11-30T01:40:17,31,44,0,75
2023-11-30T01:56:28,31,44,0,75
2023-11-30T02:12:36,31,44,0,75
2023-11-30T02:28:43,31,44,0,75
2023-11-30T02:45:00,31,44,0,75
2023-11-30T03:01:10,31,44,0,75
2023-11-30T03:17:18,31,44,0,75
2023-11-30T03:33:26,31,44,0,75
2023-11-30T03:49:35,31,44,0,75
2023-11-30T04:05:51,31,44,0,75
2023-11-30T04:38:52,31,44,0,75
2023-11-30T04:55:04,31,44,0,75
2023-11-30T05:11:17,31,44,0,75
2023-11-30T05:27:25,31,44,0,75
2023-11-30T05:43:34,31,44,0,75
2023-11-30T05:59:43,31,44,0,75
2023-11-30T06:15:55,31,44,0,75
2023-11-30T06:32:04,31,44,0,75
2023-11-30T06:48:12,31,44,0,75
2023-11-30T07:04:21,31,44,0,75
2023-11-30T07:20:30,31,44,0,75
2023-11-30T07:36:36,31,44,0,75
2023-11-30T07:52:42,31,44,0,75
2023-11-30T08:08:49,31,44,0,75
2023-11-30T08:25:04,31,44,0,75
2023-11-30T08:41:10,31,44,0,75
2023-11-30T08:57:15,31,44,0,75
2023-11-30T09:13:21,31,44,0,75
2023-11-30T09:29:26,31,44,0,75
2023-11-30T09:45:31,31,44,0,75
2023-11-30T10:01:36,31,44,0,75
2023-11-30T10:17:41,31,44,0,75
2023-11-30T10:33:57,31,44,0,75
2023-11-30T10:50:04,31,44,0,75
2023-11-30T11:06:10,31,44,0,75
2023-11-30T11:22:16,31,44,0,75
2023-11-30T11:38:23,31,44,0,75
2023-11-30T11:54:41,31,44,0,75
2023-11-30T12:10:48,31,44,0,75
2023-11-30T12:26:54,31,44,0,75
2023-11-30T12:43:10,31,44,0,75
2023-11-30T12:59:16,31,44,0,75
2023-11-30T13:15:23,31,44,0,75
2023-11-30T13:31:29,31,44,0,75
2023-11-30T13:47:36,31,44,0,75
2023-11-30T14:03:52,31,44,0,75
2023-11-30T14:19:58,31,44,0,75
2023-11-30T14:36:03,31,44,0,75
2023-11-30T14:52:10,31,44,0,75
2023-11-30T15:08:27,31,44,0,75
2023-11-30T15:24:33,31,44,0,75
2023-11-30T15:40:40,31,44,0,75
2023-11-30T15:56:46,31,44,0,75
2023-11-30T16:13:03,31,44,0,75
2023-11-30T16:29:09,31,44,0,75
2023-11-30T16:45:16,31,44,0,75
2023-11-30T17:01:22,31,44,0,75
2023-11-30T17:17:41,31,44,0,75
2023-11-30T17:33:47,31,44,0,75
2023-11-30T17:49:53,31,44,0,75
2023-11-30T18:05:59,31,44,0,75
2023-11-30T18:22:17,31,44,0,75
2023-11-30T18:38:23,31,44,0,75
2023-11-30T18:54:29,31,44,0,75
2023-11-30T19:10:36,31,44,0,75
2023-11-30T19:26:43,31,44,0,75
2023-11-30T19:42:49,31,44,0,75
2023-11-30T19:59:06,31,44,0,75
2023-11-30T20:15:13,31,44,0,75
2023-11-30T20:31:18,31,44,0,75
2023-11-30T20:47:25,31,44,0,75
2023-11-30T21:03:30,31,44,0,75
2023-11-30T21:19:37,31,44,0,75
2023-11-30T21:35:53,31,44,0,75
2023-11-30T21:52:00,31,44,0,75
2023-11-30T22:08:05,31,44,0,75
2023-11-30T22:24:21,31,44,0,75
2023-11-30T22:40:27,31,44,0,75
2023-11-30T22:56:34,31,44,0,75
2023-11-30T23:12:42,31,44,0,75
2023-11-30T23:28:49,31,44,0,75
2023-11-30T23:45:06,31,44,0,75
2023-12-01T00:01:13,31,44,0,75
2023-12-01T00:17:27,31,44,0,75
2023-12-01T00:33:38,31,44,0,75
2023-12-01T00:49:50,31,44,0,75
2023-12-01T01:06:01,31,44,0,75
2023-12-01T01:22:12,31,44,0,75
2023-12-01T01:39:34,31,44,0,75
2023-12-01T01:55:53,31,44,0,75
2023-12-01T02:12:04,31,44,0,75
2023-12-01T02:28:14,31,44,0,75
2023-12-01T02:44:24,31,44,0,75
2023-12-01T03:00:33,31,44,0,75
2023-12-01T03:16:55,31,44,0,75
2023-12-01T03:33:06,31,44,0,75
2023-12-01T03:49:17,31,44,0,75
2023-12-01T04:05:28,31,44,0,75
2023-12-01T04:37:15,31,44,0,75
2023-12-01T04:53:28,31,44,0,75
2023-12-01T05:09:42,31,44,0,75
2023-12-01T05:25:54,31,44,0,75
2023-12-01T05:42:06,31,44,0,75
2023-12-01T05:58:18,31,44,0,75
2023-12-01T06:14:30,31,44,0,75
2023-12-01T06:30:44,31,44,0,75
2023-12-01T06:46:56,31,44,0,75
2023-12-01T07:03:06,31,44,0,75
2023-12-01T07:19:16,31,44,0,75
2023-12-01T07:35:27,31,44,0,75
2023-12-01T07:51:37,31,44,0,75
2023-12-01T08:07:45,31,44,0,75
2023-12-01T08:23:54,31,44,0,75
2023-12-01T08:40:15,31,44,0,75
2023-12-01T08:56:22,31,44,0,75
2023-12-01T09:12:28,31,44,0,75
2023-12-01T09:28:36,31,44,0,75
2023-12-01T09:44:42,31,44,0,75
2023-12-01T10:00:49,31,44,0,75
2023-12-01T10:16:56,31,44,0,75
2023-12-01T10:33:02,31,44,0,75
2023-12-01T10:49:09,31,44,0,75
2023-12-01T11:05:27,31,44,0,75
2023-12-01T11:21:33,31,44,0,75
2023-12-01T11:37:41,31,44,0,75
2023-12-01T11:53:48,31,44,0,75
2023-12-01T12:10:07,31,44,0,75
2023-12-01T12:26:14,31,44,0,75
2023-12-01T12:42:22,31,44,0,75
2023-12-01T12:58:29,31,44,0,75
2023-12-01T13:14:36,31,44,0,75
2023-12-01T13:30:56,31,44,0,75
2023-12-01T13:47:04,31,44,0,75
2023-12-01T14:03:11,31,44,0,75
2023-12-01T14:19:18,31,44,0,75
2023-12-01T14:35:26,31,44,0,75
2023-12-01T14:51:45,31,44,0,75
2023-12-01T15:07:53,31,44,0,75
2023-12-01T15:24:01,31,44,0,75
2023-12-01T15:40:08,31,44,0,75
2023-12-01T15:56:15,31,44,0,75
2023-12-01T16:12:34,31,44,0,75
2023-12-01T16:28:41,31,44,0,75
2023-12-01T16:44:48,31,44,0,75
2023-12-01T17:00:55,31,44,0,75
2023-12-01T17:17:03,31,44,0,75
2023-12-01T17:33:10,31,44,0,75
2023-12-01T17:49:29,31,44,0,75
2023-12-01T18:05:35,31,44,0,75
2023-12-01T18:21:43,31,44,0,75
2023-12-01T18:37:51,31,44,0,75
2023-12-01T18:53:58,31,44,0,75
2023-12-01T19:10:17,31,44,0,75
2023-12-01T19:26:35,31,44,0,75
2023-12-01T19:43:04,31,44,0,75
2023-12-01T19:59:43,31,44,0,75
2023-12-01T20:16:09,31,44,0,75
2023-12-01T20:32:17,31,44,0,75
2023-12-01T20:48:34,31,44,0,75
2023-12-01T21:04:41,31,44,0,75
2023-12-01T21:20:48,31,44,0,75
2023-12-01T21:36:55,31,44,0,75
2023-12-01T21:53:03,31,44,0,75
2023-12-01T22:09:10,31,44,0,75
2023-12-01T22:25:17,31,44,0,75
2023-12-01T22:41:24,31,44,0,75
2023-12-01T22:57:31,31,44,0,75
2023-12-01T23:13:50,31,44,0,75
2023-12-01T23:29:57,31,44,0,75
2023-12-01T23:46:05,31,44,0,75
2023-12-02T00:02:14,31,44,0,75
2023-12-02T00:18:33,31,44,0,75
2023-12-02T00:34:44,31,44,0,75
2023-12-02T00:50:59,31,44,0,75
2023-12-02T01:07:12,31,44,0,75
2023-12-02T01:23:23,31,44,0,75
2023-12-02T01:39:36,31,44,0,75
2023-12-02T01:55:50,31,44,0,75
2023-12-02T02:12:05,31,44,0,75
2023-12-02T02:28:14,31,44,0,75
2023-12-02T02:44:24,31,44,0,75
2023-12-02T03:00:31,31,44,0,75
2023-12-02T03:17:00,31,44,0,75
2023-12-02T03:33:12,31,44,0,75
2023-12-02T03:49:24,31,44,0,75
2023-12-02T04:05:36,31,44,0,75
2023-12-02T04:30:35,31,44,0,75
2023-12-02T04:48:18,31,44,0,75
2023-12-02T05:04:32,31,44,0,75
2023-12-02T05:20:44,31,44,0,75
2023-12-02T05:36:55,31,44,0,75
2023-12-02T05:53:07,31,44,0,75
2023-12-02T06:09:19,31,44,0,75
2023-12-02T06:25:29,31,44,0,75
2023-12-02T06:41:40,31,44,0,75
2023-12-02T06:57:50,31,44,0,75
2023-12-02T07:14:01,31,44,0,75
2023-12-02T07:30:11,31,44,0,75
2023-12-02T07:46:20,31,44,0,75
2023-12-02T08:02:46,31,44,0,75
2023-12-02T08:18:57,31,44,0,75
2023-12-02T08:35:09,31,44,0,75
2023-12-02T08:51:20,31,44,0,75
2023-12-02T09:07:29,31,44,0,75
2023-12-02T09:23:36,31,44,0,75
2023-12-02T09:39:48,31,44,0,75
2023-12-02T09:56:00,31,44,0,75
2023-12-02T10:12:11,31,44,0,75
2023-12-02T10:28:22,31,44,0,75
2023-12-02T10:44:32,31,44,0,75
2023-12-02T11:00:50,31,44,0,75
2023-12-02T11:16:59,31,44,0,75
2023-12-02T11:33:10,31,44,0,75
2023-12-02T11:49:19,31,44,0,75
2023-12-02T12:05:28,31,44,0,75
2023-12-02T12:21:37,31,44,0,75
2023-12-02T12:37:47,31,44,0,75
2023-12-02T12:54:42,31,44,0,75
2023-12-02T13:10:50,31,44,0,75
2023-12-02T13:27:17,31,44,0,75
2023-12-02T13:43:26,31,44,0,75
2023-12-02T13:59:34,31,44,0,75
2023-12-02T14:15:41,31,44,0,75
2023-12-02T14:31:47,31,44,0,75
2023-12-02T14:47:55,31,44,0,75
2023-12-02T15:04:02,31,44,0,75
2023-12-02T15:20:09,31,44,0,75
2023-12-02T15:36:16,31,44,0,75
2023-12-02T15:52:33,31,44,0,75
2023-12-02T16:08:40,31,44,0,75
2023-12-02T16:24:47,31,44,0,75
2023-12-02T16:40:54,31,44,0,75
2023-12-02T16:57:00,31,44,0,75
2023-12-02T17:13:09,31,44,0,75
2023-12-02T17:29:15,31,44,0,75
2023-12-02T17:45:22,31,44,0,75
2023-12-02T18:01:50,31,44,0,75
2023-12-02T18:17:57,31,44,0,75
2023-12-02T18:34:04,31,44,0,75
2023-12-02T18:50:10,31,44,0,75
2023-12-02T19:06:17,31,44,0,75
2023-12-02T19:22:25,31,44,0,75
2023-12-02T19:38:32,31,44,0,75
2023-12-02T19:54:39,31,44,0,75
2023-12-02T20:10:47,31,44,0,75
2023-12-02T20:26:53,31,44,0,75
2023-12-02T20:43:00,31,44,0,75
2023-12-02T20:59:17,31,44,0,75
2023-12-02T21:15:24,31,44,0,75
2023-12-02T21:31:31,31,44,0,75
2023-12-02T21:47:38,31,44,0,75
2023-12-02T22:03:46,31,44,0,75
2023-12-02T22:19:52,31,44,0,75
2023-12-02T22:35:59,31,44,0,75
2023-12-02T22:52:06,31,44,0,75
2023-12-02T23:08:14,31,44,0,75
2023-12-02T23:24:40,31,44,0,75
2023-12-02T23:40:46,31,44,0,75
2023-12-02T23:56:53,31,44,0,75
2023-12-03T00:13:02,31,44,0,75
2023-12-03T00:29:17,31,44,0,75
2023-12-03T00:45:28,31,44,0,75
2023-12-03T01:01:38,31,44,0,75
2023-12-03T01:17:46,31,44,0,75
2023-12-03T01:33:53,31,44,0,75
2023-12-03T01:50:01,31,44,0,75
2023-12-03T02:06:08,31,44,0,75
2023-12-03T02:22:16,31,44,0,75
2023-12-03T02:38:35,31,44,0,75
2023-12-03T02:54:47,31,44,0,75
2023-12-03T03:10:57,31,44,0,75
2023-12-03T03:27:21,31,44,0,75
2023-12-03T03:43:35,31,44,0,75
2023-12-03T03:59:49,31,44,0,75
2023-12-03T04:25:24,31,44,0,75
2023-12-03T04:41:51,31,44,0,75
2023-12-03T04:59:35,31,44,0,75
2023-12-03T05:15:58,31,44,0,75
2023-12-03T05:32:15,31,44,0,75
2023-12-03T05:48:29,31,44,0,75
2023-12-03T06:04:46,31,44,0,75
2023-12-03T06:20:59,31,44,0,75
2023-12-03T06:37:13,31,44,0,75
2023-12-03T06:53:26,31,44,0,75
2023-12-03T07:09:38,31,44,0,75
2023-12-03T07:25:50,31,44,0,75
2023-12-03T07:42:02,31,44,0,75
2023-12-03T07:58:15,31,44,0,75
2023-12-03T08:14:30,31,44,0,75
2023-12-03T08:30:48,31,44,0,75
2023-12-03T08:47:00,31,44,0,75
2023-12-03T09:03:10,31,44,0,75
2023-12-03T09:19:21,31,44,0,75
2023-12-03T09:35:39,31,44,0,75
2023-12-03T09:51:50,31,44,0,75
2023-12-03T10:08:05,31,44,0,75
2023-12-03T10:24:16,31,44,0,75
2023-12-03T10:40:27,31,44,0,75
2023-12-03T10:56:39,31,44,0,75
2023-12-03T11:12:50,31,44,0,75
2023-12-03T11:28:58,31,44,0,75
2023-12-03T11:45:07,31,44,0,75
2023-12-03T12:01:23,31,44,0,75
2023-12-03T12:17:31,31,44,0,75
2023-12-03T12:33:38,31,44,0,75
2023-12-03T12:49:45,31,44,0,75
2023-12-03T13:05:53,31,44,0,75
2023-12-03T13:22:00,31,44,0,75
2023-12-03T13:38:07,31,44,0,75
2023-12-03T13:54:15,31,44,0,75
2023-12-03T14:10:22,31,44,0,75
2023-12-03T14:26:37,31,44,0,75
2023-12-03T14:42:44,31,44,0,75
2023-12-03T14:58:52,31,44,0,75
2023-12-03T15:15:00,31,44,0,75
2023-12-03T15:31:07,31,44,0,75
2023-12-03T15:47:14,31,44,0,75
2023-12-03T16:03:22,31,44,0,75
2023-12-03T16:19:39,31,44,0,75
2023-12-03T16:35:47,31,44,0,75
2023-12-03T16:51:55,31,44,0,75
2023-12-03T17:08:02,31,44,0,75
2023-12-03T17:24:10,31,44,0,75
2023-12-03T17:40:17,31,44,0,75
2023-12-03T17:56:24,31,44,0,75
2023-12-03T18:12:31,31,44,0,75
2023-12-03T18:35:29,31,44,0,75
2023-12-03T18:51:36,31,44,0,75
2023-12-03T19:07:47,31,44,0,75
2023-12-03T19:23:55,31,44,0,75
2023-12-03T19:40:03,31,44,0,75
2023-12-03T19:56:10,31,44,0,75
2023-12-03T20:12:17,31,44,0,75
2023-12-03T20:28:24,31,44,0,75
2023-12-03T20:44:40,31,44,0,75
2023-12-03T21:00:47,31,44,0,75
2023-12-03T21:16:55,31,44,0,75
2023-12-03T21:33:04,31,44,0,75
2023-12-03T21:49:12,31,44,0,75
2023-12-03T22:05:21,31,44,0,75
2023-12-03T22:21:28,31,44,0,75
2023-12-03T22:37:35,31,44,0,75
2023-12-03T22:53:53,31,44,0,75
2023-12-03T23:10:01,31,44,0,75
2023-12-03T23:26:10,31,44,0,75
2023-12-03T23:42:18,31,44,0,75
2023-12-03T23:58:26,31,44,0,75
2023-12-04T00:14:38,31,44,0,75
2023-12-04T00:30:53,31,44,0,75
2023-12-04T00:47:07,31,44,0,75
2023-12-04T01:03:17,31,44,0,75
2023-12-04T01:19:29,31,44,0,75
2023-12-04T01:35:51,31,44,0,75
2023-12-04T01:52:03,31,44,0,75
2023-12-04T02:08:16,31,44,0,75
2023-12-04T02:24:37,31,44,0,75
2023-12-04T02:40:47,31,44,0,75
2023-12-04T02:56:57,31,44,0,75
2023-12-04T03:13:09,31,44,0,75
2023-12-04T03:29:21,31,44,0,75
2023-12-04T03:45:41,31,44,0,75
2023-12-04T04:01:52,31,44,0,75
2023-12-04T04:26:20,31,44,0,75
2023-12-04T04:43:59,31,44,0,75
2023-12-04T05:00:12,31,44,0,75
2023-12-04T05:16:31,31,44,0,75
2023-12-04T05:32:44,31,44,0,75
2023-12-04T05:48:58,31,44,0,75
2023-12-04T06:05:10,31,44,0,75
2023-12-04T06:21:22,31,44,0,75
2023-12-04T06:37:33,31,44,0,75
2023-12-04T06:53:44,31,44,0,75
2023-12-04T07:09:55,31,44,0,75
2023-12-04T07:26:04,31,44,0,75
2023-12-04T07:42:16,31,44,0,75
2023-12-04T07:58:27,31,44,0,75
2023-12-04T08:14:46,31,44,0,75
2023-12-04T08:31:04,31,44,0,75
2023-12-04T08:47:12,31,44,0,75
2023-12-04T09:03:19,32,43,0,75
2023-12-04T09:19:27,32,43,0,75
2023-12-04T09:35:35,32,43,0,75
2023-12-04T09:51:44,32,43,0,75
2023-12-04T10:07:52,32,43,0,75
2023-12-04T10:24:08,32,43,0,75
2023-12-04T10:40:17,32,43,0,75
2023-12-04T10:56:30,32,43,0,75
2023-12-04T11:12:39,32,43,0,75
2023-12-04T11:28:47,32,43,0,75
2023-12-04T11:45:05,32,43,0,75
2023-12-04T12:01:18,32,43,0,75
2023-12-04T12:17:28,32,43,0,75
2023-12-04T12:33:36,32,43,0,75
2023-12-04T12:49:58,32,43,0,75
2023-12-04T13:06:08,32,43,0,75
2023-12-04T13:22:20,32,43,0,75
2023-12-04T13:38:39,32,43,0,75
2023-12-04T13:54:53,32,43,0,75
2023-12-04T14:11:07,32,43,0,75
2023-12-04T14:27:31,32,43,0,75
2023-12-04T14:43:44,32,43,0,75
2023-12-04T14:59:57,32,43,0,75
2023-12-04T15:16:21,32,43,0,75
2023-12-04T15:32:36,32,43,0,75
2023-12-04T15:48:49,32,43,0,75
2023-12-04T16:05:18,32,43,0,75
2023-12-04T16:21:31,32,43,0,75
2023-12-04T16:37:44,32,43,0,75
2023-12-04T16:53:57,32,43,0,75
2023-12-04T17:10:21,32,43,0,75
2023-12-04T17:26:36,32,43,0,75
2023-12-04T17:42:49,32,43,0,75
2023-12-04T17:59:03,33,42,0,75
2023-12-04T18:15:26,33,42,0,75
2023-12-04T18:31:39,33,42,0,75
2023-12-04T18:47:52,33,42,0,75
2023-12-04T19:04:06,33,42,0,75
2023-12-04T19:20:30,33,42,0,75
2023-12-04T19:36:44,33,42,0,75
2023-12-04T19:52:57,33,42,0,75
2023-12-04T20:09:10,33,42,0,75
2023-12-04T20:25:23,33,42,0,75
2023-12-04T20:41:49,33,42,0,75
2023-12-04T20:58:03,33,42,0,75
2023-12-04T21:14:16,33,42,0,75
2023-12-04T21:30:30,33,42,0,75
2023-12-04T21:46:43,33,42,0,75
2023-12-04T22:03:08,33,42,0,75
2023-12-04T22:19:21,33,42,0,75
2023-12-04T22:35:35,33,42,0,75
2023-12-04T22:51:49,33,42,0,75
2023-12-04T23:08:03,33,42,0,75
2023-12-04T23:24:17,33,42,0,75
2023-12-04T23:40:42,33,42,0,75
2023-12-04T23:56:56,33,42,0,75
2023-12-05T00:13:14,33,42,0,75
2023-12-05T00:29:32,33,42,0,75
2023-12-05T00:45:51,33,42,0,75
2023-12-05T01:02:13,33,42,0,75
2023-12-05T01:18:32,33,42,0,75
2023-12-05T01:34:51,33,42,0,75
2023-12-05T01:51:08,33,42,0,75
2023-12-05T02:07:26,33,42,0,75
2023-12-05T02:23:52,33,42,0,75
2023-12-05T02:40:09,33,42,0,75
2023-12-05T02:56:25,33,42,0,75
2023-12-05T03:12:43,33,42,0,75
2023-12-05T03:29:00,33,42,0,75
2023-12-05T03:45:16,33,42,0,75
2023-12-05T04:01:33,33,42,0,75
2023-12-05T04:30:57,33,42,0,75
2023-12-05T04:47:56,33,42,0,75
2023-12-05T05:04:16,33,42,0,75
2023-12-05T05:20:35,33,42,0,75
2023-12-05T05:36:54,33,42,0,75
2023-12-05T05:53:13,33,42,0,75
2023-12-05T06:09:35,33,42,0,75
2023-12-05T06:25:53,33,42,0,75
2023-12-05T06:42:09,33,42,0,75
2023-12-05T06:58:26,33,42,0,75
2023-12-05T07:14:43,33,42,0,75
2023-12-05T07:31:09,33,42,0,75
2023-12-05T07:47:23,33,42,0,75
2023-12-05T08:03:38,33,42,0,75
2023-12-05T08:19:55,33,42,0,75
2023-12-05T08:36:13,33,42,0,75
2023-12-05T08:52:29,33,42,0,75
2023-12-05T09:08:45,33,42,0,75
2023-12-05T09:25:03,33,42,0,75
2023-12-05T09:41:20,33,42,0,75
2023-12-05T09:57:47,33,42,0,75
2023-12-05T10:14:03,33,42,0,75
2023-12-05T10:30:18,33,42,0,75
2023-12-05T10:46:33,33,42,0,75
2023-12-05T11:02:49,33,42,0,75
2023-12-05T11:19:14,33,42,0,75
2023-12-05T11:35:28,33,42,0,75
2023-12-05T11:51:42,33,42,0,75
2023-12-05T12:08:09,33,42,0,75
2023-12-05T12:24:22,33,42,0,75
2023-12-05T12:40:35,33,42,0,75
2023-12-05T12:56:48,33,42,0,75
2023-12-05T13:13:01,33,42,0,75
2023-12-05T13:29:24,33,42,0,75
2023-12-05T13:45:37,33,42,0,75
2023-12-05T14:01:49,33,42,0,75
2023-12-05T14:18:03,33,42,0,75
2023-12-05T14:34:28,33,42,0,75
2023-12-05T14:50:42,33,42,0,75
2023-12-05T15:06:56,33,42,0,75
2023-12-05T15:23:10,33,42,0,75
2023-12-05T15:39:34,33,42,0,75
2023-12-05T15:55:49,33,42,0,75
2023-12-05T16:12:04,33,42,0,75
2023-12-05T16:28:19,33,42,0,75
2023-12-05T16:44:34,33,42,0,75
2023-12-05T17:00:59,33,42,0,75
2023-12-05T17:17:15,33,42,0,75
2023-12-05T17:33:30,33,42,0,75
2023-12-05T17:49:45,33,42,0,75
2023-12-05T18:06:00,33,42,0,75
2023-12-05T18:22:15,33,42,0,75
2023-12-05T18:38:41,33,42,0,75
2023-12-05T18:54:56,33,42,0,75
2023-12-05T19:11:12,33,42,0,75
2023-12-05T19:27:28,33,42,0,75
2023-12-05T19:43:43,33,42,0,75
2023-12-05T19:59:58,33,42,0,75
2023-12-05T20:16:16,33,42,0,75
2023-12-05T20:32:42,33,42,0,75
2023-12-05T20:48:57,33,42,0,75
2023-12-05T21:05:13,33,42,0,75
2023-12-05T21:21:29,33,42,0,75
2023-12-05T21:37:45,33,42,0,75
2023-12-05T21:53:59,33,42,0,75
2023-12-05T22:10:15,33,42,0,75
2023-12-05T22:26:40,33,42,0,75
2023-12-05T22:42:55,33,42,0,75
2023-12-05T22:59:11,33,42,0,75
2023-12-05T23:15:27,33,42,0,75
2023-12-05T23:31:43,33,42,0,75
2023-12-05T23:48:00,33,42,0,75
2023-12-06T00:04:17,33,42,0,75
2023-12-06T00:20:39,33,42,0,75
2023-12-06T00:37:11,33,42,0,75
2023-12-06T00:53:30,33,42,0,75
2023-12-06T01:09:50,33,42,0,75
2023-12-06T01:26:11,33,42,0,75
2023-12-06T01:42:31,33,42,0,75
2023-12-06T01:58:51,33,42,0,75
2023-12-06T02:15:11,33,42,0,75
2023-12-06T02:31:30,33,42,0,75
2023-12-06T02:47:48,33,42,0,75
2023-12-06T03:04:06,33,42,0,75
2023-12-06T03:20:26,33,42,0,75
2023-12-06T03:37:07,33,42,0,75
2023-12-06T03:53:27,33,42,0,75
2023-12-06T04:09:49,33,42,0,75
2023-12-06T04:35:26,33,42,0,75
2023-12-06T04:51:48,33,42,0,75
2023-12-06T05:08:11,33,42,0,75
2023-12-06T05:26:08,33,42,0,75
2023-12-06T05:42:29,33,42,0,75
2023-12-06T05:58:51,33,42,0,75
2023-12-06T06:15:12,33,42,0,75
2023-12-06T06:31:33,33,42,0,75
2023-12-06T06:47:53,33,42,0,75
2023-12-06T07:04:12,33,42,0,75
2023-12-06T07:20:30,33,42,0,75
2023-12-06T07:36:48,33,42,0,75
2023-12-06T07:53:04,33,42,0,75
2023-12-06T08:09:21,33,42,0,75
2023-12-06T08:25:42,33,42,0,75
2023-12-06T08:42:00,33,42,0,75
2023-12-06T08:58:16,33,42,0,75
2023-12-06T09:14:40,33,42,0,75
2023-12-06T09:30:54,33,42,0,75
2023-12-06T09:47:08,33,42,0,75
2023-12-06T10:03:23,33,42,0,75
2023-12-06T10:19:37,33,42,0,75
2023-12-06T10:35:52,33,42,0,75
2023-12-06T10:52:07,33,42,0,75
2023-12-06T11:08:34,33,42,0,75
2023-12-06T11:24:48,33,42,0,75
2023-12-06T11:41:12,33,42,0,75
2023-12-06T11:57:27,33,42,0,75
2023-12-06T12:13:46,33,42,0,75
2023-12-06T12:30:11,33,42,0,75
2023-12-06T12:46:26,33,42,0,75
2023-12-06T13:02:40,33,42,0,75
2023-12-06T13:18:54,33,42,0,75
2023-12-06T13:35:19,33,42,0,75
2023-12-06T13:51:35,33,42,0,75
2023-12-06T14:07:50,33,42,0,75
2023-12-06T14:24:05,33,42,0,75
2023-12-06T14:40:21,33,42,0,75
2023-12-06T14:56:47,33,42,0,75
2023-12-06T15:13:07,33,42,0,75
2023-12-06T15:29:23,33,42,0,75
2023-12-06T15:45:48,33,42,0,75
2023-12-06T16:02:04,33,42,0,75
2023-12-06T16:18:19,33,42,0,75
2023-12-06T16:34:35,33,42,0,75
2023-12-06T16:50:50,33,42,0,75
2023-12-06T17:07:17,33,42,0,75
2023-12-06T17:23:34,33,42,0,75
2023-12-06T17:39:49,33,42,0,75
2023-12-06T17:56:05,33,42,0,75
2023-12-06T18:15:46,33,42,0,75
2023-12-06T18:32:03,33,42,0,75
2023-12-06T18:48:19,33,42,0,75
2023-12-06T19:04:34,33,42,0,75
2023-12-06T19:20:51,33,42,0,75
2023-12-06T19:37:07,33,42,0,75
2023-12-06T19:53:33,33,42,0,75
2023-12-06T20:09:50,33,42,0,75
2023-12-06T20:26:07,33,42,0,75
2023-12-06T20:42:23,33,42,0,75
2023-12-06T20:58:39,33,42,0,75
2023-12-06T21:14:55,33,42,0,75
2023-12-06T21:31:11,33,42,0,75
2023-12-06T21:47:27,33,42,0,75
2023-12-06T22:03:53,33,42,0,75
2023-12-06T22:20:09,33,42,0,75
2023-12-06T22:36:27,33,42,0,75
2023-12-06T22:52:43,32,43,0,75
2023-12-06T23:08:59,32,43,0,75
2023-12-06T23:25:16,32,43,0,75
2023-12-06T23:41:44,32,43,0,75
2023-12-06T23:58:01,32,43,0,75
2023-12-07T00:14:26,32,43,0,75
2023-12-07T00:30:45,32,43,0,75
2023-12-07T00:47:04,32,43,0,75
2023-12-07T01:03:22,32,43,0,75
2023-12-07T01:19:41,32,43,0,75
2023-12-07T01:36:02,32,43,0,75
2023-12-07T01:52:22,32,43,0,75
2023-12-07T02:08:42,32,43,0,75
2023-12-07T02:24:59,32,43,0,75
2023-12-07T02:41:40,32,43,0,75
2023-12-07T02:57:57,32,43,0,75
2023-12-07T03:14:17,32,43,0,75
2023-12-07T03:30:37,32,43,0,75
2023-12-07T03:46:55,32,43,0,75
2023-12-07T04:03:13,32,43,0,75
2023-12-07T04:34:38,32,43,0,75
2023-12-07T04:51:09,32,43,0,75
2023-12-07T05:07:34,32,43,0,75
2023-12-07T05:24:03,32,43,0,75
2023-12-07T05:40:23,32,43,0,75
2023-12-07T05:56:51,32,43,0,75
2023-12-07T06:13:23,32,43,0,75
2023-12-07T06:29:43,32,43,0,75
2023-12-07T06:46:02,32,43,0,75
2023-12-07T07:02:20,32,43,0,75
2023-12-07T07:18:49,32,43,0,75
2023-12-07T07:35:08,32,43,0,75
2023-12-07T07:51:24,32,43,0,75
2023-12-07T08:07:43,32,43,0,75
2023-12-07T08:24:01,32,43,0,75
2023-12-07T08:40:29,32,43,0,75
2023-12-07T08:56:46,32,43,0,75
2023-12-07T09:13:03,32,43,0,75
2023-12-07T09:29:21,32,43,0,75
2023-12-07T09:45:46,32,43,0,75
2023-12-07T10:02:02,32,43,0,75
2023-12-07T10:18:21,32,43,0,75
2023-12-07T10:34:46,32,43,0,75
2023-12-07T10:51:02,32,43,0,75
2023-12-07T11:07:18,32,43,0,75
2023-12-07T11:23:44,32,43,0,75
2023-12-07T11:40:00,32,43,0,75
2023-12-07T11:56:16,32,43,0,75
2023-12-07T12:12:41,32,43,0,75
2023-12-07T12:28:56,32,43,0,75
2023-12-07T12:45:23,32,43,0,75
2023-12-07T13:01:39,32,43,0,75
2023-12-07T13:17:55,32,43,0,75
2023-12-07T13:34:11,32,43,0,75
2023-12-07T13:50:27,32,43,0,75
2023-12-07T14:06:53,32,43,0,75
2023-12-07T14:23:09,32,43,0,75
2023-12-07T14:39:24,32,43,0,75
2023-12-07T14:55:40,32,43,0,75
2023-12-07T15:12:10,32,43,0,75
2023-12-07T15:28:27,32,43,0,75
2023-12-07T15:44:44,32,43,0,75
2023-12-07T16:01:11,32,43,0,75
2023-12-07T16:17:28,32,43,0,75
2023-12-07T16:33:45,32,43,0,75
2023-12-07T16:50:01,32,43,0,75
2023-12-07T17:06:18,32,43,0,75
2023-12-07T17:22:46,32,43,0,75
2023-12-07T17:39:03,32,43,0,75
2023-12-07T17:55:20,32,43,0,75
2023-12-07T18:11:37,32,43,0,75
2023-12-07T18:27:53,32,43,0,75
2023-12-07T18:44:20,32,43,0,75
2023-12-07T19:00:37,32,43,0,75
2023-12-07T19:16:54,32,43,0,75
2023-12-07T19:33:11,32,43,0,75
2023-12-07T19:49:27,32,43,0,75
2023-12-07T20:05:44,32,43,0,75
2023-12-07T20:22:01,32,43,0,75
2023-12-07T20:38:28,32,43,0,75
2023-12-07T20:54:47,32,43,0,75
2023-12-07T21:11:04,32,43,0,75
2023-12-07T21:27:21,32,43,0,75
2023-12-07T21:43:39,32,43,0,75
2023-12-07T21:59:55,32,43,0,75
2023-12-07T22:16:13,32,43,0,75
2023-12-07T22:32:40,32,43,0,75
2023-12-07T22:48:58,32,43,0,75
2023-12-07T23:05:15,32,43,0,75
2023-12-07T23:21:33,32,43,0,75
2023-12-07T23:37:51,32,43,0,75
2023-12-07T23:54:09,32,43,0,75
2023-12-08T00:10:28,32,43,0,75
2023-12-08T00:26:56,32,43,0,75
2023-12-08T00:43:15,32,43,0,75
2023-12-08T00:59:45,32,43,0,75
2023-12-08T01:16:08,32,43,0,75
2023-12-08T01:32:30,32,43,0,75
2023-12-08T01:48:52,32,43,0,75
2023-12-08T02:05:18,32,43,0,75
2023-12-08T02:21:38,32,43,0,75
2023-12-08T02:37:57,32,43,0,75
2023-12-08T02:54:17,32,43,0,75
2023-12-08T03:10:37,32,43,0,75
2023-12-08T03:27:10,32,43,0,75
2023-12-08T03:43:37,32,43,0,75
2023-12-08T03:59:58,32,43,0,75
2023-12-08T04:27:11,32,43,0,75
2023-12-08T04:43:35,32,43,0,75
2023-12-08T04:59:59,32,43,0,75
2023-12-08T05:16:22,32,43,0,75
2023-12-08T05:32:42,32,43,0,75
2023-12-08T05:49:04,32,43,0,75
2023-12-08T06:05:30,32,43,0,75
2023-12-08T06:21:51,32,43,0,75
2023-12-08T06:38:12,32,43,0,75
2023-12-08T06:54:32,32,43,0,75
2023-12-08T07:10:55,32,43,0,75
2023-12-08T07:27:18,32,43,0,75
2023-12-08T07:43:40,32,43,0,75
2023-12-08T08:00:03,32,43,0,75
2023-12-08T08:16:22,32,43,0,75
2023-12-08T08:32:43,32,43,0,75
2023-12-08T08:49:26,32,43,0,75
2023-12-08T09:05:44,32,43,0,75
2023-12-08T09:22:02,32,43,0,75
2023-12-08T09:38:19,32,43,0,75
2023-12-08T09:54:37,32,43,0,75
2023-12-08T10:10:54,32,43,0,75
2023-12-08T10:27:11,32,43,0,75
2023-12-08T10:43:29,32,43,0,75
2023-12-08T10:59:58,32,43,0,75
2023-12-08T11:16:15,32,43,0,75
2023-12-08T11:32:33,32,43,0,75
2023-12-08T11:48:51,32,43,0,75
2023-12-08T12:05:09,32,43,0,75
2023-12-08T12:21:39,32,43,0,75
2023-12-08T12:37:58,32,43,0,75
2023-12-08T12:54:16,32,43,0,75
2023-12-08T13:10:34,32,43,0,75
2023-12-08T13:26:53,32,43,0,75
2023-12-08T13:43:10,32,43,0,75
2023-12-08T13:59:39,32,43,0,75
2023-12-08T14:15:57,32,43,0,75
2023-12-08T14:32:15,32,43,0,75
2023-12-08T14:48:32,32,43,0,75
2023-12-08T15:04:52,32,43,0,75
2023-12-08T15:21:19,32,43,0,75
2023-12-08T15:37:37,32,43,0,75
2023-12-08T15:53:54,32,43,0,75
2023-12-08T16:10:13,32,43,0,75
2023-12-08T16:26:32,32,43,0,75
2023-12-08T16:43:01,32,43,0,75
2023-12-08T16:59:19,32,43,0,75
2023-12-08T17:15:39,32,43,0,75
2023-12-08T17:31:57,32,43,0,75
2023-12-08T17:48:16,32,43,0,75
2023-12-08T18:04:35,32,43,0,75
2023-12-08T18:21:03,32,43,0,75
2023-12-08T18:37:22,32,43,0,75
2023-12-08T18:53:40,32,43,0,75
2023-12-08T19:09:59,32,43,0,75
2023-12-08T19:26:18,32,43,0,75
2023-12-08T19:42:38,32,43,0,75
2023-12-08T19:59:08,32,43,0,75
2023-12-08T20:15:27,32,43,0,75
2023-12-08T20:31:47,31,44,0,75
2023-12-08T20:48:06,31,44,0,75
2023-12-08T21:04:25,31,44,0,75
2023-12-08T21:20:45,31,44,0,75
2023-12-08T21:37:14,31,44,0,75
2023-12-08T21:53:33,31,44,0,75
2023-12-08T22:09:51,31,44,0,75
2023-12-08T22:26:08,31,44,0,75
2023-12-08T22:42:34,31,44,0,75
2023-12-08T22:58:53,31,44,0,75
2023-12-08T23:15:13,31,44,0,75
2023-12-08T23:31:32,31,44,0,75
2023-12-08T23:48:02,31,44,0,75
2023-12-09T00:04:22,31,44,0,75
2023-12-09T00:20:47,31,44,0,75
2023-12-09T00:37:10,31,44,0,75
2023-12-09T00:53:35,31,44,0,75
2023-12-09T01:09:58,31,44,0,75
2023-12-09T01:26:21,31,44,0,75
2023-12-09T01:42:43,31,44,0,75
2023-12-09T01:59:07,31,44,0,75
2023-12-09T02:15:28,31,44,0,75
2023-12-09T02:31:49,31,44,0,75
2023-12-09T02:48:19,31,44,0,75
2023-12-09T03:04:39,31,44,0,75
2023-12-09T03:21:01,31,44,0,75
2023-12-09T03:37:22,31,44,0,75
2023-12-09T03:53:44,31,44,0,75
2023-12-09T04:24:14,31,44,0,75
2023-12-09T04:42:12,31,44,0,75
2023-12-09T04:58:54,31,44,0,75
2023-12-09T05:15:19,31,44,0,75
2023-12-09T05:31:42,31,44,0,75
2023-12-09T05:48:07,31,44,0,75
2023-12-09T06:04:35,31,44,0,75
2023-12-09T06:20:58,31,44,0,75
2023-12-09T06:37:19,31,44,0,75
2023-12-09T06:53:41,31,44,0,75
2023-12-09T07:10:03,31,44,0,75
2023-12-09T07:26:25,31,44,0,75
2023-12-09T07:42:55,31,44,0,75
2023-12-09T07:59:17,31,44,0,75
2023-12-09T08:15:39,31,44,0,75
2023-12-09T08:32:02,31,44,0,75
2023-12-09T08:48:24,31,44,0,75
2023-12-09T09:04:48,31,44,0,75
2023-12-09T09:21:11,31,44,0,75
2023-12-09T09:37:33,31,44,0,75
2023-12-09T09:53:55,31,44,0,75
2023-12-09T10:10:16,31,44,0,75
2023-12-09T10:26:38,31,44,0,75
2023-12-09T10:43:08,31,44,0,75
2023-12-09T10:59:28,31,44,0,75
2023-12-09T11:15:50,31,44,0,75
2023-12-09T11:32:10,31,44,0,75
2023-12-09T11:48:29,31,44,0,75
2023-12-09T12:04:48,30,45,0,75
2023-12-09T12:21:07,30,45,0,75
2023-12-09T12:37:35,30,45,0,75
2023-12-09T12:53:55,30,45,0,75
2023-12-09T13:10:14,30,45,0,75
2023-12-09T13:26:33,30,45,0,75
2023-12-09T13:42:52,30,45,0,75
2023-12-09T13:59:11,30,45,0,75
2023-12-09T14:15:29,30,45,0,75
2023-12-09T14:31:47,30,45,0,75
2023-12-09T14:48:17,30,45,0,75
2023-12-09T15:04:36,30,45,0,75
2023-12-09T15:20:54,30,45,0,75
2023-12-09T15:37:13,30,45,0,75
2023-12-09T15:53:31,30,45,0,75
2023-12-09T16:09:51,30,45,0,75
2023-12-09T16:26:09,30,45,0,75
2023-12-09T16:42:27,30,45,0,75
2023-12-09T16:58:55,30,45,0,75
2023-12-09T17:15:15,30,45,0,75
2023-12-09T17:31:34,30,45,0,75
2023-12-09T17:47:53,30,45,0,75
2023-12-09T18:04:11,30,45,0,75
2023-12-09T18:20:29,30,45,0,75
2023-12-09T18:36:48,31,44,0,75
2023-12-09T18:53:15,31,44,0,75
2023-12-09T19:09:34,31,44,0,75
2023-12-09T19:25:53,31,44,0,75
2023-12-09T19:42:12,31,44,0,75
2023-12-09T19:58:31,31,44,0,75
2023-12-09T20:14:49,31,44,0,75
2023-12-09T20:31:08,31,44,0,75
2023-12-09T20:47:27,31,44,0,75
2023-12-09T21:03:46,31,44,0,75
2023-12-09T21:20:13,31,44,0,75
2023-12-09T21:36:32,31,44,0,75
2023-12-09T21:52:51,31,44,0,75
2023-12-09T22:09:10,31,44,0,75
2023-12-09T22:25:28,31,44,0,75
2023-12-09T22:41:47,31,44,0,75
2023-12-09T22:58:06,31,44,0,75
2023-12-09T23:14:26,31,44,0,75
2023-12-09T23:30:45,31,44,0,75
2023-12-09T23:47:04,31,44,0,75
2023-12-10T00:03:24,31,44,0,75
2023-12-10T00:19:57,31,44,0,75
2023-12-10T00:36:19,31,44,0,75
2023-12-10T00:52:41,31,44,0,75
2023-12-10T01:09:02,31,44,0,75
2023-12-10T01:25:21,31,44,0,75
2023-12-10T01:41:40,31,44,0,75
2023-12-10T01:58:00,31,44,0,75
2023-12-10T02:14:19,31,44,0,75
2023-12-10T02:30:38,31,44,0,75
2023-12-10T02:47:03,31,44,0,75
2023-12-10T03:03:27,31,44,0,75
2023-12-10T03:19:49,31,44,0,75
2023-12-10T03:36:34,31,44,0,75
2023-12-10T03:52:58,31,44,0,75
2023-12-10T04:09:22,31,44,0,75
2023-12-10T04:30:11,31,44,0,75
2023-12-10T04:46:41,31,44,0,75
2023-12-10T05:03:16,31,44,0,75
2023-12-10T05:19:53,31,44,0,75
2023-12-10T05:36:21,31,44,0,75
2023-12-10T05:52:47,31,44,0,75
2023-12-10T06:09:11,31,44,0,75
2023-12-10T06:25:35,31,44,0,75
2023-12-10T06:41:59,31,44,0,75
2023-12-10T06:58:23,31,44,0,75
2023-12-10T07:14:46,31,44,0,75
2023-12-10T07:31:10,31,44,0,75
2023-12-10T07:47:33,31,44,0,75
2023-12-10T08:03:59,31,44,0,75
2023-12-10T08:20:21,31,44,0,75
2023-12-10T08:36:44,31,44,0,75
2023-12-10T08:53:06,31,44,0,75
2023-12-10T09:09:28,31,44,0,75
2023-12-10T09:25:55,31,44,0,75
2023-12-10T09:42:19,31,44,0,75
2023-12-10T09:58:43,31,44,0,75
2023-12-10T10:15:08,31,44,0,75
2023-12-10T10:31:29,31,44,0,75
2023-12-10T10:47:59,31,44,0,75
2023-12-10T11:04:19,31,44,0,75
2023-12-10T11:20:39,31,44,0,75
2023-12-10T11:36:58,31,44,0,75
2023-12-10T11:53:17,31,44,0,75
2023-12-10T12:09:36,31,44,0,75
2023-12-10T12:25:54,31,44,0,75
2023-12-10T12:42:13,31,44,0,75
2023-12-10T12:58:31,31,44,0,75
2023-12-10T13:15:00,31,44,0,75
2023-12-10T13:31:18,31,44,0,75
2023-12-10T13:47:36,31,44,0,75
2023-12-10T14:03:54,31,44,0,75
2023-12-10T14:20:12,31,44,0,75
2023-12-10T14:36:30,31,44,0,75
2023-12-10T14:52:48,31,44,0,75
2023-12-10T15:09:18,31,44,0,75
2023-12-10T15:25:36,31,44,0,75
2023-12-10T15:41:54,31,44,0,75
2023-12-10T15:58:12,31,44,0,75
2023-12-10T16:14:31,31,44,0,75
2023-12-10T16:30:50,31,44,0,75
2023-12-10T16:47:09,31,44,0,75
2023-12-10T17:03:37,31,44,0,75
2023-12-10T17:19:56,31,44,0,75
2023-12-10T17:36:14,31,44,0,75
2023-12-10T17:52:33,31,44,0,75
2023-12-10T18:08:51,31,44,0,75
2023-12-10T18:25:10,31,44,0,75
2023-12-10T18:41:29,31,44,0,75
2023-12-10T18:57:48,31,44,0,75
2023-12-10T19:14:24,31,44,0,75
2023-12-10T19:30:43,31,44,0,75
2023-12-10T19:47:02,31,44,0,75
2023-12-10T20:03:20,31,44,0,75
2023-12-10T20:19:39,31,44,0,75
2023-12-10T20:35:57,31,44,0,75
2023-12-10T20:52:16,31,44,0,75
2023-12-10T21:08:45,31,44,0,75
2023-12-10T21:25:03,31,44,0,75
2023-12-10T21:41:23,31,44,0,75
2023-12-10T21:57:42,31,44,0,75
2023-12-10T22:14:01,31,44,0,75
2023-12-10T22:30:21,31,44,0,75
2023-12-10T22:46:39,31,44,0,75
2023-12-10T23:02:58,31,44,0,75
2023-12-10T23:19:27,31,44,0,75
2023-12-10T23:35:50,31,44,0,75
2023-12-10T23:52:09,31,44,0,75
2023-12-11T00:08:30,31,44,0,75
2023-12-11T00:24:57,31,44,0,75
2023-12-11T00:41:27,31,44,0,75
2023-12-11T00:57:56,31,44,0,75
2023-12-11T01:14:18,31,44,0,75
2023-12-11T01:31:02,31,44,0,75
2023-12-11T01:47:26,31,44,0,75
2023-12-11T02:04:08,31,44,0,75
2023-12-11T02:20:58,31,44,0,75
2023-12-11T02:37:21,31,44,0,75
2023-12-11T02:53:43,31,44,0,75
2023-12-11T03:10:05,31,44,0,75
2023-12-11T03:26:39,31,44,0,75
2023-12-11T03:43:02,31,44,0,75
2023-12-11T03:59:24,31,44,0,75
2023-12-11T04:29:17,31,44,0,75
2023-12-11T04:45:44,31,44,0,75
2023-12-11T05:02:11,31,44,0,75
2023-12-11T05:18:39,31,44,0,75
2023-12-11T05:35:02,31,44,0,75
2023-12-11T05:51:26,31,44,0,75
2023-12-11T06:07:53,31,44,0,75
2023-12-11T06:24:16,31,44,0,75
2023-12-11T06:40:38,31,44,0,75
2023-12-11T06:57:08,31,44,0,75
2023-12-11T07:13:30,31,44,0,75
2023-12-11T07:29:49,31,44,0,75
2023-12-11T07:46:08,31,44,0,75
2023-12-11T08:02:28,31,44,0,75
2023-12-11T08:18:47,31,44,0,75
2023-12-11T08:35:06,31,44,0,75
2023-12-11T08:51:36,31,44,0,75
2023-12-11T09:07:54,31,44,0,75
2023-12-11T09:24:12,31,44,0,75
2023-12-11T09:40:31,31,44,0,75
2023-12-11T09:57:00,31,44,0,75
2023-12-11T10:13:22,31,44,0,75
2023-12-11T10:29:43,31,44,0,75
2023-12-11T10:46:14,31,44,0,75
2023-12-11T11:02:36,31,44,0,75
2023-12-11T11:18:58,31,44,0,75
2023-12-11T11:35:30,31,44,0,75
2023-12-11T11:51:51,31,44,0,75
2023-12-11T12:08:12,31,44,0,75
2023-12-11T12:24:35,31,44,0,75
2023-12-11T12:41:05,31,44,0,75
2023-12-11T12:57:25,31,44,0,75
2023-12-11T13:13:45,31,44,0,75
2023-12-11T13:30:15,31,44,0,75
2023-12-11T13:46:34,31,44,0,75
2023-12-11T14:02:54,31,44,0,75
2023-12-11T14:19:26,31,44,0,75
2023-12-11T14:35:45,31,44,0,75
2023-12-11T14:52:06,31,44,0,75
2023-12-11T15:08:25,31,44,0,75
2023-12-11T15:24:55,31,44,0,75
2023-12-11T15:41:16,31,44,0,75
2023-12-11T15:57:36,31,44,0,75
2023-12-11T16:13:56,31,44,0,75
2023-12-11T16:30:26,31,44,0,75
2023-12-11T16:46:46,31,44,0,75
2023-12-11T17:03:05,31,44,0,75
2023-12-11T17:19:27,31,44,0,75
2023-12-11T17:35:56,31,44,0,75
2023-12-11T17:52:17,31,44,0,75
2023-12-11T18:08:38,31,44,0,75
2023-12-11T18:25:07,31,44,0,75
2023-12-11T18:41:26,31,44,0,75
2023-12-11T18:57:46,31,44,0,75
2023-12-11T19:14:07,31,44,0,75
2023-12-11T19:30:27,31,44,0,75
2023-12-11T19:46:47,31,44,0,75
2023-12-11T20:03:16,31,44,0,75
2023-12-11T20:19:35,31,44,0,75
2023-12-11T20:35:53,31,44,0,75
2023-12-11T20:52:12,31,44,0,75
2023-12-11T21:08:31,31,44,0,75
2023-12-11T21:24:51,31,44,0,75
2023-12-11T21:41:10,31,44,0,75
2023-12-11T21:57:42,31,44,0,75
2023-12-11T22:14:00,31,44,0,75
2023-12-11T22:30:19,31,44,0,75
2023-12-11T22:46:39,31,44,0,75
2023-12-11T23:03:10,31,44,0,75
2023-12-11T23:19:30,31,44,0,75
2023-12-11T23:35:50,31,44,0,75
2023-12-11T23:52:10,31,44,0,75
2023-12-12T00:08:33,31,44,0,75
2023-12-12T00:24:57,31,44,0,75
2023-12-12T00:41:26,31,44,0,75
2023-12-12T00:58:04,31,44,0,75
2023-12-12T01:14:30,31,44,0,75
2023-12-12T01:30:56,31,44,0,75
2023-12-12T01:47:19,31,44,0,75
2023-12-12T02:03:43,31,44,0,75
2023-12-12T02:20:15,31,44,0,75
2023-12-12T02:36:37,31,44,0,75
2023-12-12T02:52:59,31,44,0,75
2023-12-12T03:09:21,31,44,0,75
2023-12-12T03:25:55,31,44,0,75
2023-12-12T03:42:18,31,44,0,75
2023-12-12T03:58:40,31,44,0,75
2023-12-12T04:23:27,31,44,0,75
2023-12-12T04:41:11,31,44,0,75
2023-12-12T04:57:56,31,44,0,75
2023-12-12T05:14:22,31,44,0,75
2023-12-12T05:30:46,31,44,0,75
2023-12-12T05:47:18,31,44,0,75
2023-12-12T06:03:42,31,44,0,75
2023-12-12T06:20:05,31,44,0,75
2023-12-12T06:36:27,31,44,0,75
2023-12-12T06:52:49,31,44,0,75
2023-12-12T07:09:20,31,44,0,75
2023-12-12T07:25:42,31,44,0,75
2023-12-12T07:42:03,31,44,0,75
2023-12-12T07:58:23,31,44,0,75
2023-12-12T08:14:55,31,44,0,75
2023-12-12T08:31:17,31,44,0,75
2023-12-12T08:47:38,31,44,0,75
2023-12-12T09:04:00,31,44,0,75
2023-12-12T09:20:21,31,44,0,75
2023-12-12T09:36:44,31,44,0,75
2023-12-12T09:53:14,31,44,0,75
2023-12-12T10:09:34,31,44,0,75
2023-12-12T10:25:54,31,44,0,75
2023-12-12T10:42:14,31,44,0,75
2023-12-12T10:58:44,31,44,0,75
2023-12-12T11:15:03,31,44,0,75
2023-12-12T11:31:33,31,44,0,75
2023-12-12T11:48:03,31,44,0,75
2023-12-12T12:04:34,31,44,0,75
2023-12-12T12:20:54,31,44,0,75
2023-12-12T12:37:14,31,44,0,75
2023-12-12T12:53:43,31,44,0,75
2023-12-12T13:10:04,31,44,0,75
2023-12-12T13:26:33,31,44,0,75
2023-12-12T13:42:54,31,44,0,75
2023-12-12T13:59:17,31,44,0,75
2023-12-12T14:15:36,31,44,0,75
2023-12-12T14:32:06,31,44,0,75
2023-12-12T14:48:36,31,44,0,75
2023-12-12T15:05:07,31,44,0,75
2023-12-12T15:21:37,31,44,0,75
2023-12-12T15:38:07,31,44,0,75
2023-12-12T15:54:36,31,44,0,75
2023-12-12T16:11:06,31,44,0,75
2023-12-12T16:27:34,31,44,0,75
2023-12-12T16:44:04,31,44,0,75
2023-12-12T17:00:33,31,44,0,75
2023-12-12T17:17:05,31,44,0,75
2023-12-12T17:33:34,31,44,0,75
2023-12-12T17:50:03,31,44,0,75
2023-12-12T18:06:34,31,44,0,75
2023-12-12T18:23:03,31,44,0,75
2023-12-12T18:39:23,31,44,0,75
2023-12-12T18:55:53,31,44,0,75
2023-12-12T19:12:25,31,44,0,75
2023-12-12T19:28:56,31,44,0,75
2023-12-12T19:45:26,31,44,0,75
2023-12-12T20:01:55,31,44,0,75
2023-12-12T20:18:24,31,44,0,75
2023-12-12T20:34:44,31,44,0,75
2023-12-12T20:51:13,31,44,0,75
2023-12-12T21:07:42,31,44,0,75
2023-12-12T21:24:02,31,44,0,75
2023-12-12T21:40:32,31,44,0,75
2023-12-12T21:57:02,31,44,0,75
2023-12-12T22:13:32,31,44,0,75
2023-12-12T22:30:01,31,44,0,75
2023-12-12T22:46:21,31,44,0,75
2023-12-12T23:02:51,31,44,0,75
2023-12-12T23:19:11,31,44,0,75
2023-12-12T23:35:31,31,44,0,75
2023-12-12T23:52:00,31,44,0,75
2023-12-13T00:08:22,31,44,0,75
2023-12-13T00:24:48,31,44,0,75
2023-12-13T00:41:12,31,44,0,75
2023-12-13T00:57:46,31,44,0,75
2023-12-13T01:14:14,31,44,0,75
2023-12-13T01:30:38,31,44,0,75
2023-12-13T01:47:03,31,44,0,75
2023-12-13T02:03:28,31,44,0,75
2023-12-13T02:19:51,31,44,0,75
2023-12-13T02:36:24,31,44,0,75
2023-12-13T02:52:46,31,44,0,75
2023-12-13T03:09:09,31,44,0,75
2023-12-13T03:25:34,31,44,0,75
2023-12-13T03:42:27,31,44,0,75
2023-12-13T03:58:51,31,44,0,75
2023-12-13T04:24:18,31,44,0,75
2023-12-13T04:40:43,31,44,0,75
2023-12-13T04:57:08,31,44,0,75
2023-12-13T05:13:32,31,44,0,75
2023-12-13T05:29:57,31,44,0,75
2023-12-13T05:46:20,31,44,0,75
2023-12-13T06:02:44,31,44,0,75
2023-12-13T06:19:17,31,44,0,75
2023-12-13T06:35:40,31,44,0,75
2023-12-13T06:52:11,31,44,0,75
2023-12-13T07:08:32,31,44,0,75
2023-12-13T07:24:54,31,44,0,75
2023-12-13T07:41:24,31,44,0,75
2023-12-13T07:57:46,31,44,0,75
2023-12-13T08:14:16,31,44,0,75
2023-12-13T08:30:38,31,44,0,75
2023-12-13T08:47:11,31,44,0,75
2023-12-13T09:03:30,31,44,0,75
2023-12-13T09:19:54,31,44,0,75
2023-12-13T09:36:12,31,44,0,75
2023-12-13T09:52:40,31,44,0,75
2023-12-13T10:08:59,31,44,0,75
2023-12-13T10:25:21,31,44,0,75
2023-12-13T10:41:45,31,44,0,75
2023-12-13T10:58:17,31,44,0,75
2023-12-13T11:14:40,31,44,0,75
2023-12-13T11:31:01,31,44,0,75
2023-12-13T11:47:30,31,44,0,75
2023-12-13T12:03:56,31,44,0,75
2023-12-13T12:20:20,31,44,0,75
2023-12-13T12:36:52,31,44,0,75
2023-12-13T12:53:13,31,44,0,75
2023-12-13T13:09:33,31,44,0,75
2023-12-13T13:25:54,31,44,0,75
2023-12-13T13:42:16,31,44,0,75
2023-12-13T13:58:47,31,44,0,75
2023-12-13T14:15:09,31,44,0,75
2023-12-13T14:31:29,31,44,0,75
2023-12-13T14:47:49,31,44,0,75
2023-12-13T15:04:20,31,44,0,75
2023-12-13T15:20:41,31,44,0,75
2023-12-13T15:37:02,31,44,0,75
2023-12-13T15:53:32,31,44,0,75
2023-12-13T16:09:51,31,44,0,75
2023-12-13T16:26:12,31,44,0,75
2023-12-13T16:42:32,31,44,0,75
2023-12-13T16:59:02,31,44,0,75
2023-12-13T17:15:25,31,44,0,75
2023-12-13T17:31:44,31,44,0,75
2023-12-13T17:48:04,31,44,0,75
2023-12-13T18:04:34,31,44,0,75
2023-12-13T18:20:54,31,44,0,75
2023-12-13T18:37:14,31,44,0,75
2023-12-13T18:53:44,31,44,0,75
2023-12-13T19:10:05,31,44,0,75
2023-12-13T19:26:25,31,44,0,75
2023-12-13T19:42:55,31,44,0,75
2023-12-13T19:59:24,31,44,0,75
2023-12-13T20:15:53,31,44,0,75
2023-12-13T20:32:23,31,44,0,75
2023-12-13T20:48:52,31,44,0,75
2023-12-13T21:05:23,31,44,0,75
2023-12-13T21:21:54,31,44,0,75
2023-12-13T21:38:22,31,44,0,75
2023-12-13T21:55:02,31,44,0,75
2023-12-13T22:11:32,31,44,0,75
2023-12-13T22:28:01,31,44,0,75
2023-12-13T22:44:31,31,44,0,75
2023-12-13T23:01:01,31,44,0,75
2023-12-13T23:17:32,31,44,0,75
2023-12-13T23:34:03,31,44,0,75
2023-12-13T23:50:43,31,44,0,75
2023-12-14T00:07:15,31,44,0,75
2023-12-14T00:23:52,31,44,0,75
2023-12-14T00:40:24,31,44,0,75
2023-12-14T00:57:00,31,44,0,75
2023-12-14T01:13:34,31,44,0,75
2023-12-14T01:30:08,31,44,0,75
2023-12-14T01:46:51,31,44,0,75
2023-12-14T02:03:17,31,44,0,75
2023-12-14T02:19:49,31,44,0,75
2023-12-14T02:36:12,31,44,0,75
2023-12-14T02:52:44,31,44,0,75
2023-12-14T03:09:18,31,44,0,75
2023-12-14T03:25:52,31,44,0,75
2023-12-14T03:42:25,31,44,0,75
2023-12-14T03:58:58,31,44,0,75
2023-12-14T04:27:14,31,44,0,75
2023-12-14T04:44:00,31,44,0,75
2023-12-14T05:00:38,31,44,0,75
2023-12-14T05:17:11,31,44,0,75
2023-12-14T05:33:55,31,44,0,75
2023-12-14T05:50:31,31,44,0,75
2023-12-14T06:07:13,31,44,0,75
2023-12-14T06:23:56,31,44,0,75
2023-12-14T06:40:26,31,44,0,75
2023-12-14T06:56:58,31,44,0,75
2023-12-14T07:13:29,31,44,0,75
2023-12-14T07:30:13,31,44,0,75
2023-12-14T07:46:42,31,44,0,75
2023-12-14T08:03:13,31,44,0,75
2023-12-14T08:19:47,31,44,0,75
2023-12-14T08:36:32,31,44,0,75
2023-12-14T08:53:03,31,44,0,75
2023-12-14T09:09:42,31,44,0,75
2023-12-14T09:26:20,31,44,0,75
2023-12-14T09:42:50,31,44,0,75
2023-12-14T09:59:37,31,44,0,75
2023-12-14T10:16:25,31,44,0,75
2023-12-14T10:33:01,31,44,0,75
2023-12-14T10:49:30,31,44,0,75
2023-12-14T11:06:01,31,44,0,75
2023-12-14T11:22:32,31,44,0,75
2023-12-14T11:39:01,31,44,0,75
2023-12-14T11:55:31,32,43,0,75
2023-12-14T12:12:09,32,43,0,75
2023-12-14T12:28:55,32,43,0,75
2023-12-14T12:45:26,32,43,0,75
2023-12-14T13:02:02,32,43,0,75
2023-12-14T13:18:33,32,43,0,75
2023-12-14T13:35:12,32,43,0,75
2023-12-14T13:51:42,32,43,0,75
2023-12-14T14:08:30,32,43,0,75
2023-12-14T14:25:15,32,43,0,75
2023-12-14T14:41:48,32,43,0,75
2023-12-14T14:58:18,32,43,0,75
2023-12-14T15:15:01,32,43,0,75
2023-12-14T15:31:49,32,43,0,75
2023-12-14T15:48:21,32,43,0,75
2023-12-14T16:04:52,32,43,0,75
2023-12-14T16:21:43,32,43,0,75
2023-12-14T16:38:15,32,43,0,75
2023-12-14T16:55:05,32,43,0,75
2023-12-14T17:11:36,32,43,0,75
2023-12-14T17:28:14,32,43,0,75
2023-12-14T17:44:46,32,43,0,75
2023-12-14T18:13:59,32,43,0,75
2023-12-14T18:30:30,32,43,0,75
2023-12-14T18:47:00,32,43,0,75
2023-12-14T19:03:40,32,43,0,75
2023-12-14T19:20:09,32,43,0,75
2023-12-14T19:36:38,32,43,0,75
2023-12-14T19:53:07,32,43,0,75
2023-12-14T20:09:39,32,43,0,75
2023-12-14T20:26:10,32,43,0,75
2023-12-14T20:42:39,32,43,0,75
2023-12-14T20:59:17,32,43,0,75
2023-12-14T21:15:47,32,43,0,75
2023-12-14T21:32:16,32,43,0,75
2023-12-14T21:48:48,32,43,0,75
2023-12-14T22:05:17,32,43,0,75
2023-12-14T22:21:46,32,43,0,75
2023-12-14T22:38:15,32,43,0,75
2023-12-14T22:54:55,32,43,0,75
2023-12-14T23:11:25,32,43,0,75
2023-12-14T23:27:53,32,43,0,75
2023-12-14T23:44:24,32,43,0,75
2023-12-15T00:00:56,32,43,0,75
2023-12-15T00:17:30,32,43,0,75
2023-12-15T00:34:05,32,43,0,75
2023-12-15T00:50:49,32,43,0,75
2023-12-15T01:07:25,32,43,0,75
2023-12-15T01:24:00,32,43,0,75
2023-12-15T01:40:37,32,43,0,75
2023-12-15T01:57:10,32,43,0,75
2023-12-15T02:13:46,32,43,0,75
2023-12-15T02:30:19,32,43,0,75
2023-12-15T02:46:53,32,43,0,75
2023-12-15T03:03:25,32,43,0,75
2023-12-15T03:20:10,32,43,0,75
2023-12-15T03:36:45,32,43,0,75
2023-12-15T03:53:28,32,43,0,75
2023-12-15T04:10:04,32,43,0,75
2023-12-15T04:36:56,32,43,0,75
2023-12-15T04:55:09,32,43,0,75
2023-12-15T05:11:43,32,43,0,75
2023-12-15T05:28:15,32,43,0,75
2023-12-15T05:44:48,32,43,0,75
2023-12-15T06:01:23,32,43,0,75
2023-12-15T06:17:58,32,43,0,75
2023-12-15T06:34:38,32,43,0,75
2023-12-15T06:51:11,32,43,0,75
2023-12-15T07:07:42,32,43,0,75
2023-12-15T07:24:14,32,43,0,75
2023-12-15T07:40:43,32,43,0,75
2023-12-15T07:57:13,32,43,0,75
2023-12-15T08:13:45,32,43,0,75
2023-12-15T08:30:14,32,43,0,75
2023-12-15T08:46:45,32,43,0,75
2023-12-15T09:03:18,32,43,0,75
2023-12-15T09:19:46,32,43,0,75
2023-12-15T09:36:17,32,43,0,75
2023-12-15T09:52:58,32,43,0,75
2023-12-15T10:09:27,32,43,0,75
2023-12-15T10:25:56,32,43,0,75
2023-12-15T10:42:26,32,43,0,75
2023-12-15T10:58:59,32,43,0,75
2023-12-15T11:15:31,32,43,0,75
2023-12-15T11:32:01,32,43,0,75
2023-12-15T11:48:46,32,43,0,75
2023-12-15T12:05:20,32,43,0,75
2023-12-15T12:21:51,32,43,0,75
2023-12-15T12:38:22,32,43,0,75
2023-12-15T12:54:54,32,43,0,75
2023-12-15T13:11:41,32,43,0,75
2023-12-15T13:28:16,32,43,0,75
2023-12-15T13:44:48,32,43,0,75
2023-12-15T14:01:21,32,43,0,75
2023-12-15T14:17:53,32,43,0,75
2023-12-15T14:34:26,31,44,0,75
2023-12-15T14:50:58,31,44,0,75
2023-12-15T15:07:46,31,44,0,75
2023-12-15T15:24:36,31,44,0,75
2023-12-15T15:41:26,31,44,0,75
2023-12-15T15:58:27,31,44,0,75
2023-12-15T16:15:17,31,44,0,75
2023-12-15T16:32:06,31,44,0,75
2023-12-15T16:48:55,31,44,0,75
2023-12-15T17:05:55,31,44,0,75
2023-12-15T17:22:47,31,44,0,75
2023-12-15T17:39:37,31,44,0,75
2023-12-15T17:56:38,31,44,0,75
2023-12-15T18:13:28,31,44,0,75
2023-12-15T18:30:19,31,44,0,75
2023-12-15T18:47:09,31,44,0,75
2023-12-15T19:04:07,31,44,0,75
2023-12-15T19:20:57,31,44,0,75
2023-12-15T19:37:46,31,44,0,75
2023-12-15T19:54:35,31,44,0,75
2023-12-15T20:11:29,31,44,0,75
2023-12-15T20:28:20,31,44,0,75
2023-12-15T20:45:10,31,44,0,75
2023-12-15T21:02:00,31,44,0,75
2023-12-15T21:18:50,31,44,0,75
2023-12-15T21:35:50,31,44,0,75
2023-12-15T21:52:39,31,44,0,75
2023-12-15T22:09:28,31,44,0,75
2023-12-15T22:26:18,31,44,0,75
2023-12-15T22:43:09,31,44,0,75
2023-12-15T23:00:08,31,44,0,75
2023-12-15T23:17:00,31,44,0,75
2023-12-15T23:33:54,31,44,0,75
2023-12-15T23:50:47,31,44,0,75
2023-12-16T00:07:41,31,44,0,75
2023-12-16T00:24:45,31,44,0,75
2023-12-16T00:41:49,31,44,0,75
2023-12-16T00:58:47,31,44,0,75
2023-12-16T01:15:42,31,44,0,75
2023-12-16T01:32:37,31,44,0,75
2023-12-16T01:49:34,31,44,0,75
2023-12-16T02:06:31,31,44,0,75
2023-12-16T02:23:23,31,44,0,75
2023-12-16T02:40:17,31,44,0,75
2023-12-16T02:57:08,31,44,0,75
2023-12-16T03:14:13,31,44,0,75
2023-12-16T03:30:55,31,44,0,75
2023-12-16T03:47:50,31,44,0,75
2023-12-16T04:04:42,31,44,0,75
2023-12-16T04:24:29,31,44,0,75
2023-12-16T04:44:26,31,44,0,75
2023-12-16T05:01:33,31,44,0,75
2023-12-16T05:18:18,31,44,0,75
2023-12-16T05:35:04,31,44,0,75
2023-12-16T05:51:57,31,44,0,75
2023-12-16T06:08:51,31,44,0,75
2023-12-16T06:25:44,31,44,0,75
2023-12-16T06:42:39,31,44,0,75
2023-12-16T06:59:32,31,44,0,75
2023-12-16T07:16:25,31,44,0,75
2023-12-16T07:33:17,31,44,0,75
2023-12-16T07:50:08,31,44,0,75
2023-12-16T08:07:00,31,44,0,75
2023-12-16T08:23:51,31,44,0,75
2023-12-16T08:40:35,31,44,0,75
2023-12-16T08:57:19,31,44,0,75
2023-12-16T09:14:04,31,44,0,75
2023-12-16T09:30:49,30,45,0,75
2023-12-16T09:47:32,30,45,0,75
2023-12-16T10:04:16,30,45,0,75
2023-12-16T10:21:00,30,45,0,75
2023-12-16T10:37:43,30,45,0,75
2023-12-16T10:54:26,30,45,0,75
2023-12-16T11:11:19,30,45,0,75
2023-12-16T11:28:01,30,45,0,75
2023-12-16T11:44:44,30,45,0,75
2023-12-16T12:01:31,30,45,0,75
2023-12-16T12:18:12,30,45,0,75
2023-12-16T12:34:52,30,45,0,75
2023-12-16T12:51:43,30,45,0,75
2023-12-16T13:08:23,30,45,0,75
2023-12-16T13:25:03,30,45,0,75
2023-12-16T13:41:45,30,45,0,75
2023-12-16T13:58:25,30,45,0,75
2023-12-16T14:15:05,30,45,0,75
2023-12-16T14:31:46,30,45,0,75
2023-12-16T14:48:29,30,45,0,75
2023-12-16T15:05:19,30,45,0,75
2023-12-16T15:22:00,30,45,0,75
2023-12-16T15:38:41,30,45,0,75
2023-12-16T15:55:22,30,45,0,75
2023-12-16T16:12:03,30,45,0,75
2023-12-16T16:28:42,30,45,0,75
2023-12-16T16:45:31,30,45,0,75
2023-12-16T17:02:13,29,46,0,75
2023-12-16T17:18:55,29,46,0,75
2023-12-16T17:35:35,29,46,0,75
2023-12-16T17:52:15,29,46,0,75
2023-12-16T18:08:56,29,46,0,75
2023-12-16T18:25:36,29,46,0,75
2023-12-16T18:42:27,29,46,0,75
2023-12-16T18:59:09,29,46,0,75
2023-12-16T19:15:51,29,46,0,75
2023-12-16T19:32:32,29,46,0,75
2023-12-16T19:49:12,29,46,0,75
2023-12-16T20:05:52,29,46,0,75
2023-12-16T20:22:31,29,46,0,75
2023-12-16T20:39:18,29,46,0,75
2023-12-16T20:55:59,29,46,0,75
2023-12-16T21:12:40,29,46,0,75
2023-12-16T21:29:20,29,46,0,75
2023-12-16T21:46:02,29,46,0,75
2023-12-16T22:02:43,29,46,0,75
2023-12-16T22:19:24,29,46,0,75
2023-12-16T22:36:16,29,46,0,75
2023-12-16T22:52:57,29,46,0,75
2023-12-16T23:09:38,29,46,0,75
2023-12-16T23:26:20,29,46,0,75
2023-12-16T23:43:01,29,46,0,75
2023-12-16T23:59:42,29,46,0,75
2023-12-17T00:16:24,29,46,0,75
2023-12-17T01:01:56,29,46,0,75
2023-12-17T01:18:37,29,46,0,75
2023-12-17T01:35:18,29,46,0,75
2023-12-17T01:51:58,29,46,0,75
2023-12-17T02:08:41,29,46,0,75
2023-12-17T02:25:23,29,46,0,75
2023-12-17T02:42:07,29,46,0,75
2023-12-17T02:58:48,29,46,0,75
2023-12-17T03:15:40,29,46,0,75
2023-12-17T03:32:20,29,46,0,75
2023-12-17T03:49:01,29,46,0,75
2023-12-17T04:05:45,29,46,0,75
2023-12-17T04:27:27,29,46,0,75
2023-12-17T04:45:36,29,46,0,75
2023-12-17T05:03:41,29,46,0,75
2023-12-17T05:20:37,29,46,0,75
2023-12-17T05:37:22,29,46,0,75
2023-12-17T06:07:20,29,46,0,75
2023-12-17T06:24:48,29,46,0,75
2023-12-17T06:41:34,29,46,0,75
2023-12-17T06:58:20,29,46,0,75
2023-12-17T07:29:42,29,46,0,75
2023-12-17T07:46:25,29,46,0,75
2023-12-17T08:03:09,29,46,0,75
2023-12-17T08:19:53,29,46,0,75
2023-12-17T08:36:40,29,46,0,75
2023-12-17T08:53:25,29,46,0,75
2023-12-17T09:10:14,29,46,0,75
2023-12-17T09:27:05,29,46,0,75
2023-12-17T09:43:54,29,46,0,75
2023-12-17T10:00:50,29,46,0,75
2023-12-17T10:17:36,29,46,0,75
2023-12-17T10:34:23,29,46,0,75
2023-12-17T10:51:14,29,46,0,75
2023-12-17T11:08:01,29,46,0,75
2023-12-17T11:24:47,29,46,0,75
2023-12-17T11:41:36,29,46,0,75
2023-12-17T11:58:30,29,46,0,75
2023-12-17T12:15:18,29,46,0,75
2023-12-17T12:32:00,29,46,0,75
2023-12-17T12:48:50,29,46,0,75
2023-12-17T13:05:31,29,46,0,75
2023-12-17T13:22:11,29,46,0,75
2023-12-17T13:38:50,29,46,0,75
2023-12-17T13:55:31,29,46,0,75
2023-12-17T14:12:10,29,46,0,75
2023-12-17T14:28:59,29,46,0,75
2023-12-17T14:45:38,29,46,0,75
2023-12-17T15:02:18,29,46,0,75
2023-12-17T15:18:59,29,46,0,75
2023-12-17T15:35:48,29,46,0,75
2023-12-17T15:52:31,29,46,0,75
2023-12-17T16:09:14,29,46,0,75
2023-12-17T16:25:57,29,46,0,75
2023-12-17T16:42:42,29,46,0,75
2023-12-17T16:59:24,29,46,0,75
2023-12-17T17:16:16,29,46,0,75
2023-12-17T17:32:59,29,46,0,75
2023-12-17T17:49:40,29,46,0,75
2023-12-17T18:06:21,29,46,0,75
2023-12-17T18:23:01,29,46,0,75
2023-12-17T18:39:42,29,46,0,75
2023-12-17T18:56:31,29,46,0,75
2023-12-17T19:13:13,29,46,0,75
2023-12-17T19:29:52,29,46,0,75
2023-12-17T19:46:33,29,46,0,75
2023-12-17T20:03:13,29,46,0,75
2023-12-17T20:20:02,29,46,0,75
2023-12-17T20:36:41,29,46,0,75
2023-12-17T20:53:22,29,46,0,75
2023-12-17T21:10:03,29,46,0,75
2023-12-17T21:26:43,29,46,0,75
2023-12-17T21:43:35,29,46,0,75
2023-12-17T22:00:16,29,46,0,75
2023-12-17T22:16:57,29,46,0,75
2023-12-17T22:33:45,29,46,0,75
2023-12-17T22:50:25,29,46,0,75
2023-12-17T23:07:15,29,46,0,75
2023-12-17T23:23:56,29,46,0,75
2023-12-17T23:40:47,29,46,0,75
2023-12-17T23:57:39,29,46,0,75
2023-12-18T00:14:36,29,46,0,75
2023-12-18T00:31:33,29,46,0,75
2023-12-18T00:48:38,29,46,0,75
2023-12-18T01:05:26,29,46,0,75
2023-12-18T01:22:17,29,46,0,75
2023-12-18T01:39:31,29,46,0,75
2023-12-18T01:56:16,29,46,0,75
2023-12-18T02:13:09,29,46,0,75
2023-12-18T02:30:02,29,46,0,75
2023-12-18T02:46:54,29,46,0,75
2023-12-18T03:03:38,29,46,0,75
2023-12-18T03:20:31,29,46,0,75
2023-12-18T03:37:25,29,46,0,75
2023-12-18T03:54:09,29,46,0,75
2023-12-18T04:11:04,29,46,0,75
2023-12-18T04:33:57,29,46,0,75
2023-12-18T04:50:46,29,46,0,75
2023-12-18T05:07:53,29,46,0,75
2023-12-18T05:24:38,29,46,0,75
2023-12-18T05:41:36,29,46,0,75
2023-12-18T06:15:59,29,46,0,75
2023-12-18T06:32:57,29,46,0,75
2023-12-18T06:49:45,29,46,0,75
2023-12-18T07:06:38,29,46,0,75
2023-12-18T07:23:21,29,46,0,75
2023-12-18T07:40:12,29,46,0,75
2023-12-18T07:56:53,29,46,0,75
2023-12-18T08:13:46,29,46,0,75
2023-12-18T08:30:37,29,46,0,75
2023-12-18T08:47:19,29,46,0,75
2023-12-18T09:04:10,29,46,0,75
2023-12-18T09:21:01,29,46,0,75
2023-12-18T09:37:45,29,46,0,75
2023-12-18T09:54:36,29,46,0,75
2023-12-18T10:11:26,29,46,0,75
2023-12-18T10:28:08,29,46,0,75
2023-12-18T10:45:01,29,46,0,75
2023-12-18T11:01:52,29,46,0,75
2023-12-18T11:18:47,29,46,0,75
2023-12-18T11:35:28,29,46,0,75
2023-12-18T11:52:20,29,46,0,75
2023-12-18T12:09:22,29,46,0,75
2023-12-18T12:26:04,29,46,0,75
2023-12-18T12:42:56,29,46,0,75
2023-12-18T12:59:48,29,46,0,75
2023-12-18T13:16:39,29,46,0,75
2023-12-18T13:33:31,29,46,0,75
2023-12-18T13:50:13,29,46,0,75
2023-12-18T14:07:07,29,46,0,75
2023-12-18T14:23:58,29,46,0,75
2023-12-18T14:40:50,29,46,0,75
2023-12-18T14:57:42,24,31,0,55
2023-12-18T15:14:35,24,31,0,55
2023-12-18T15:31:27,24,31,0,55
2023-12-18T15:48:21,24,31,0,55
2023-12-18T16:05:13,25,30,0,55
2023-12-18T16:21:57,25,30,0,55
2023-12-18T16:38:53,25,30,0,55
2023-12-18T16:55:46,25,30,0,55
2023-12-18T17:12:39,25,30,0,55
2023-12-18T17:29:32,25,30,0,55
2023-12-18T17:46:15,25,30,0,55
2023-12-18T18:03:08,25,30,0,55
2023-12-18T18:20:01,25,30,0,55
2023-12-18T18:36:53,25,30,0,55
2023-12-18T18:53:36,25,30,0,55
2023-12-18T19:10:29,25,30,0,55
2023-12-18T19:27:21,25,30,0,55
2023-12-18T19:44:14,25,30,0,55
2023-12-18T20:00:58,25,30,0,55
2023-12-18T20:18:00,25,30,0,55
2023-12-18T20:34:52,25,30,0,55
2023-12-18T20:51:46,25,30,0,55
2023-12-18T21:08:40,25,30,0,55
2023-12-18T21:25:22,25,30,0,55
2023-12-18T21:42:15,24,31,0,55
2023-12-18T21:59:08,24,31,0,55
2023-12-18T22:15:49,24,31,0,55
2023-12-18T22:32:42,24,31,0,55
2023-12-18T22:49:35,24,31,0,55
2023-12-18T23:06:28,24,31,0,55
2023-12-18T23:23:10,24,31,0,55
2023-12-18T23:40:03,24,31,0,55
2023-12-18T23:56:59,24,31,0,55
2023-12-19T00:13:57,24,31,0,55
2023-12-19T00:30:56,24,31,0,55
2023-12-19T00:47:45,24,31,0,55
2023-12-19T01:04:45,24,31,0,55
2023-12-19T01:21:46,24,31,0,55
2023-12-19T01:38:40,24,31,0,55
2023-12-19T01:55:39,24,31,0,55
2023-12-19T02:12:38,24,31,0,55
2023-12-19T02:29:23,24,31,0,55
2023-12-19T02:46:20,24,31,0,55
2023-12-19T03:03:17,24,31,0,55
2023-12-19T03:20:18,24,31,0,55
2023-12-19T03:37:07,24,31,0,55
2023-12-19T03:54:05,24,31,0,55
2023-12-19T04:11:00,24,31,0,55
2023-12-19T04:37:13,24,31,0,55
2023-12-19T04:54:22,24,31,0,55
2023-12-19T05:11:31,24,31,0,55
2023-12-19T05:28:19,24,31,0,55
2023-12-19T05:45:05,24,31,0,55
2023-12-19T06:01:52,24,31,0,55
2023-12-19T06:18:38,24,31,0,55
2023-12-19T06:35:24,24,31,0,55
2023-12-19T06:52:10,24,31,0,55
2023-12-19T07:08:56,24,31,0,55
2023-12-19T07:25:41,24,31,0,55
2023-12-19T07:42:25,24,31,0,55
2023-12-19T07:59:21,24,31,0,55
2023-12-19T08:16:10,24,31,0,55
2023-12-19T08:32:59,24,31,0,55
2023-12-19T08:49:47,24,31,0,55
2023-12-19T09:06:33,24,31,0,55
2023-12-19T09:23:28,24,31,0,55
2023-12-19T09:40:14,24,31,0,55
2023-12-19T09:56:59,24,31,0,55
2023-12-19T10:13:47,24,31,0,55
2023-12-19T10:30:44,24,31,0,55
2023-12-19T10:47:30,24,31,0,55
2023-12-19T11:04:16,24,31,0,55
2023-12-19T11:21:01,24,31,0,55
2023-12-19T11:37:57,24,31,0,55
2023-12-19T11:54:41,24,31,0,55
2023-12-19T12:11:37,24,31,0,55
2023-12-19T12:28:21,24,31,0,55
2023-12-19T12:45:04,24,31,0,55
2023-12-19T13:01:59,24,31,0,55
2023-12-19T13:18:42,24,31,0,55
2023-12-19T13:35:26,24,31,0,55
2023-12-19T13:52:20,24,31,0,55
2023-12-19T14:09:03,25,30,0,55
2023-12-19T14:25:47,25,30,0,55
2023-12-19T14:42:44,25,30,0,55
2023-12-19T14:59:28,25,30,0,55
2023-12-19T15:16:12,25,30,0,55
2023-12-19T15:33:10,25,30,0,55
2023-12-19T15:49:54,25,30,0,55
2023-12-19T16:06:37,25,30,0,55
2023-12-19T16:23:34,25,30,0,55
2023-12-19T16:40:17,25,30,0,55
2023-12-19T16:57:01,25,30,0,55
2023-12-19T17:13:57,25,30,0,55
2023-12-19T17:30:41,25,30,0,55
2023-12-19T17:47:36,25,30,0,55
2023-12-19T18:04:20,25,30,0,55
2023-12-19T18:21:04,25,30,0,55
2023-12-19T18:38:00,25,30,0,55
2023-12-19T18:54:45,25,30,0,55
2023-12-19T19:11:29,25,30,0,55
2023-12-19T19:28:23,25,30,0,55
2023-12-19T19:45:06,25,30,0,55
2023-12-19T20:01:58,25,30,0,55
2023-12-19T20:18:53,25,30,0,55
2023-12-19T20:35:37,25,30,0,55
2023-12-19T20:52:21,25,30,0,55
2023-12-19T21:09:17,25,30,0,55
2023-12-19T21:26:01,25,30,0,55
2023-12-19T21:42:46,25,30,0,55
2023-12-19T21:59:42,25,30,0,55
2023-12-19T22:16:26,25,30,0,55
2023-12-19T22:33:10,25,30,0,55
2023-12-19T22:50:10,25,30,0,55
2023-12-19T23:06:54,25,30,0,55
2023-12-19T23:23:39,25,30,0,55
2023-12-19T23:40:37,25,30,0,55
2023-12-19T23:57:22,25,30,0,55
2023-12-20T00:14:20,25,30,0,55
2023-12-20T00:31:15,25,30,0,55
2023-12-20T00:48:19,25,30,0,55
2023-12-20T01:05:11,25,30,0,55
2023-12-20T01:22:02,25,30,0,55
2023-12-20T01:38:53,25,30,0,55
2023-12-20T01:55:59,25,30,0,55
2023-12-20T02:12:48,25,30,0,55
2023-12-20T02:29:50,25,30,0,55
2023-12-20T02:46:49,25,30,0,55
2023-12-20T03:03:47,25,30,0,55
2023-12-20T03:20:49,25,30,0,55
2023-12-20T03:37:49,25,30,0,55
2023-12-20T03:54:48,25,30,0,55
2023-12-20T04:11:35,25,30,0,55
2023-12-20T04:30:50,25,30,0,55
2023-12-20T04:47:48,25,30,0,55
2023-12-20T05:04:39,25,30,0,55
2023-12-20T05:21:38,25,30,0,55
2023-12-20T05:38:27,25,30,0,55
2023-12-20T05:55:15,25,30,0,55
2023-12-20T06:12:14,25,30,0,55
2023-12-20T06:29:03,25,30,0,55
2023-12-20T06:45:57,25,30,0,55
2023-12-20T07:02:55,25,30,0,55
2023-12-20T07:19:41,25,30,0,55
2023-12-20T07:36:28,25,30,0,55
2023-12-20T07:53:24,25,30,0,55
2023-12-20T08:10:12,25,30,0,55
2023-12-20T08:27:00,25,30,0,55
2023-12-20T08:43:57,25,30,0,55
2023-12-20T09:00:44,25,30,0,55
2023-12-20T09:17:42,25,30,0,55
2023-12-20T09:34:30,25,30,0,55
2023-12-20T09:51:28,25,30,0,55
2023-12-20T10:08:16,25,30,0,55
2023-12-20T10:25:15,25,30,0,55
2023-12-20T10:42:03,25,30,0,55
2023-12-20T10:59:01,25,30,0,55
2023-12-20T11:15:50,25,30,0,55
2023-12-20T11:32:47,25,30,0,55
2023-12-20T11:49:44,25,30,0,55
2023-12-20T12:06:32,25,30,0,55
2023-12-20T12:23:30,25,30,0,55
2023-12-20T12:40:15,25,30,0,55
2023-12-20T12:57:14,25,30,0,55
2023-12-20T13:13:59,25,30,0,55
2023-12-20T13:30:56,25,30,0,55
2023-12-20T13:47:41,25,30,0,55
2023-12-20T14:04:37,25,30,0,55
2023-12-20T14:21:21,25,30,0,55
2023-12-20T14:38:18,25,30,0,55
2023-12-20T14:55:03,25,30,0,55
2023-12-20T15:12:01,25,30,0,55
2023-12-20T15:28:46,25,30,0,55
2023-12-20T15:45:43,25,30,0,55
2023-12-20T16:02:29,25,30,0,55
2023-12-20T16:19:25,25,30,0,55
2023-12-20T16:36:09,25,30,0,55
2023-12-20T16:53:06,25,30,0,55
2023-12-20T17:09:51,25,30,0,55
2023-12-20T17:26:37,25,30,0,55
2023-12-20T17:43:34,25,30,0,55
2023-12-20T18:00:19,25,30,0,55
2023-12-20T18:17:15,25,30,0,55
2023-12-20T18:34:00,25,30,0,55
2023-12-20T18:50:57,25,30,0,55
2023-12-20T19:07:44,25,30,0,55
2023-12-20T19:24:29,25,30,0,55
2023-12-20T19:41:25,25,30,0,55
2023-12-20T19:58:10,25,30,0,55
2023-12-20T20:15:11,25,30,0,55
2023-12-20T20:31:56,25,30,0,55
2023-12-20T20:48:41,25,30,0,55
2023-12-20T21:05:37,25,30,0,55
2023-12-20T21:22:21,25,30,0,55
2023-12-20T21:39:19,25,30,0,55
2023-12-20T21:56:04,25,30,0,55
2023-12-20T22:12:50,25,30,0,55
2023-12-20T22:29:46,25,30,0,55
2023-12-20T22:46:33,25,30,0,55
2023-12-20T23:03:18,25,30,0,55
2023-12-20T23:20:15,25,30,0,55
2023-12-20T23:37:01,25,30,0,55
2023-12-20T23:54:00,25,30,0,55
2023-12-21T00:10:46,25,30,0,55
2023-12-21T00:27:37,25,30,0,55
2023-12-21T00:44:28,25,30,0,55
2023-12-21T01:01:30,25,30,0,55
2023-12-21T01:18:20,25,30,0,55
2023-12-21T01:35:10,25,30,0,55
2023-12-21T01:52:11,25,30,0,55
2023-12-21T02:09:01,25,30,0,55
2023-12-21T02:25:47,25,30,0,55
2023-12-21T02:42:34,25,30,0,55
2023-12-21T02:59:33,25,30,0,55
2023-12-21T03:16:22,25,30,0,55
2023-12-21T03:33:10,25,30,0,55
2023-12-21T03:50:12,25,30,0,55
2023-12-21T04:07:01,25,30,0,55
2023-12-21T04:28:43,25,30,0,55
2023-12-21T04:45:56,25,30,0,55
2023-12-21T05:02:47,25,30,0,55
2023-12-21T05:19:37,25,30,0,55
2023-12-21T05:36:32,25,30,0,55
2023-12-21T05:53:22,25,30,0,55
2023-12-21T06:10:11,25,30,0,55
2023-12-21T06:27:09,25,30,0,55
2023-12-21T06:43:57,25,30,0,55
2023-12-21T07:00:45,25,30,0,55
2023-12-21T07:17:34,25,30,0,55
2023-12-21T07:34:30,25,30,0,55
2023-12-21T07:51:15,25,30,0,55
2023-12-21T08:08:01,25,30,0,55
2023-12-21T08:24:55,25,30,0,55
2023-12-21T08:41:41,25,30,0,55
2023-12-21T08:58:26,25,30,0,55
2023-12-21T09:15:20,25,30,0,55
2023-12-21T09:32:05,25,30,0,55
2023-12-21T09:48:49,25,30,0,55
2023-12-21T10:05:44,25,30,0,55
2023-12-21T10:22:30,25,30,0,55
2023-12-21T10:39:15,25,30,0,55
2023-12-21T10:56:09,25,30,0,55
2023-12-21T11:12:55,25,30,0,55
2023-12-21T11:29:40,25,30,0,55
2023-12-21T11:46:38,25,30,0,55
2023-12-21T12:03:27,25,30,0,55
2023-12-21T12:20:22,25,30,0,55
2023-12-21T12:37:08,25,30,0,55
2023-12-21T12:54:04,25,30,0,55
2023-12-21T13:10:49,25,30,0,55
2023-12-21T13:27:34,25,30,0,55
2023-12-21T13:44:32,25,30,0,55
2023-12-21T14:01:19,25,30,0,55
2023-12-21T14:18:06,25,30,0,55
2023-12-21T14:35:04,25,30,0,55
2023-12-21T14:51:52,25,30,0,55
2023-12-21T15:08:51,25,30,0,55
2023-12-21T15:25:38,25,30,0,55
2023-12-21T15:42:37,25,30,0,55
2023-12-21T15:59:24,25,30,0,55
2023-12-21T16:16:12,25,30,0,55
2023-12-21T16:33:09,25,30,0,55
2023-12-21T16:49:57,25,30,0,55
2023-12-21T17:06:57,25,30,0,55
2023-12-21T17:23:45,25,30,0,55
2023-12-21T17:40:31,25,30,0,55
2023-12-21T17:57:29,25,30,0,55
2023-12-21T18:14:17,25,30,0,55
2023-12-21T18:31:16,25,30,0,55
2023-12-21T18:48:03,25,30,0,55
2023-12-21T19:04:51,25,30,0,55
2023-12-21T19:21:49,25,30,0,55
2023-12-21T19:38:35,25,30,0,55
2023-12-21T19:55:22,25,30,0,55
2023-12-21T20:12:25,25,30,0,55
2023-12-21T20:29:12,25,30,0,55
2023-12-21T20:46:10,25,30,0,55
2023-12-21T21:02:57,25,30,0,55
2023-12-21T21:19:43,25,30,0,55
2023-12-21T21:36:41,25,30,0,55
2023-12-21T21:53:28,26,29,0,55
2023-12-21T22:10:15,26,29,0,55
2023-12-21T22:27:12,26,29,0,55
2023-12-21T22:44:01,26,29,0,55
2023-12-21T23:00:48,26,29,0,55
2023-12-21T23:17:47,26,29,0,55
2023-12-21T23:34:34,26,29,0,55
2023-12-21T23:51:21,26,29,0,55
2023-12-22T00:08:21,26,29,0,55
2023-12-22T00:25:19,26,29,0,55
2023-12-22T00:42:11,26,29,0,55
2023-12-22T00:59:02,26,29,0,55
2023-12-22T01:16:06,26,29,0,55
2023-12-22T01:32:59,26,29,0,55
2023-12-22T01:49:51,26,29,0,55
2023-12-22T02:06:55,26,29,0,55
2023-12-22T02:23:46,26,29,0,55
2023-12-22T02:40:38,26,29,0,55
2023-12-22T02:57:28,26,29,0,55
2023-12-22T03:14:32,26,29,0,55
2023-12-22T03:31:25,26,29,0,55
2023-12-22T03:48:28,26,29,0,55
2023-12-22T04:05:29,26,29,0,55
2023-12-22T04:36:27,26,29,0,55
2023-12-22T04:53:22,26,29,0,55
2023-12-22T05:10:17,26,29,0,55
2023-12-22T05:27:08,26,29,0,55
2023-12-22T05:44:07,26,29,0,55
2023-12-22T06:00:58,26,29,0,55
2023-12-22T06:17:49,26,29,0,55
2023-12-22T06:34:47,26,29,0,55
2023-12-22T06:51:38,26,29,0,55
2023-12-22T07:08:30,26,29,0,55
2023-12-22T07:25:19,26,29,0,55
2023-12-22T07:42:17,26,29,0,55
2023-12-22T07:59:07,26,29,0,55
2023-12-22T08:15:58,26,29,0,55
2023-12-22T08:32:57,26,29,0,55
2023-12-22T08:49:47,26,29,0,55
2023-12-22T09:06:37,26,29,0,55
2023-12-22T09:23:26,26,29,0,55
2023-12-22T09:40:25,26,29,0,55
2023-12-22T09:57:12,26,29,0,55
2023-12-22T10:14:00,26,29,0,55
2023-12-22T10:30:58,26,29,0,55
2023-12-22T10:47:46,26,29,0,55
2023-12-22T11:04:35,26,29,0,55
2023-12-22T11:21:32,26,29,0,55
2023-12-22T11:38:20,26,29,0,55
2023-12-22T11:55:18,26,29,0,55
2023-12-22T12:12:06,26,29,0,55
2023-12-22T12:28:54,26,29,0,55
2023-12-22T12:45:54,26,29,0,55
2023-12-22T13:02:41,26,29,0,55
2023-12-22T13:19:29,26,29,0,55
2023-12-22T13:36:27,26,29,0,55
2023-12-22T13:53:15,26,29,0,55
2023-12-22T14:10:12,26,29,0,55
2023-12-22T14:27:00,26,29,0,55
2023-12-22T14:43:48,26,29,0,55
2023-12-22T15:00:46,26,29,0,55
2023-12-22T15:17:34,26,29,0,55
2023-12-22T15:34:31,26,29,0,55
2023-12-22T15:51:19,26,29,0,55
2023-12-22T16:08:07,26,29,0,55
2023-12-22T16:25:05,26,29,0,55
2023-12-22T16:41:52,26,29,0,55
2023-12-22T16:58:39,26,29,0,55
2023-12-22T17:15:38,26,29,0,55
2023-12-22T17:32:25,26,29,0,55
2023-12-22T17:49:13,26,29,0,55
2023-12-22T18:06:11,26,29,0,55
2023-12-22T18:22:58,26,29,0,55
2023-12-22T18:39:45,26,29,0,55
2023-12-22T18:56:44,26,29,0,55
2023-12-22T19:13:32,26,29,0,55
2023-12-22T19:30:20,26,29,0,55
2023-12-22T19:47:18,26,29,0,55
2023-12-22T20:04:07,26,29,0,55
2023-12-22T20:20:56,26,29,0,55
2023-12-22T20:37:54,26,29,0,55
2023-12-22T20:54:41,26,29,0,55
2023-12-22T21:11:28,26,29,0,55
2023-12-22T21:28:27,26,29,0,55
2023-12-22T21:45:15,26,29,0,55
2023-12-22T22:02:02,26,29,0,55
2023-12-22T22:19:00,26,29,0,55
2023-12-22T22:35:47,26,29,0,55
2023-12-22T22:52:45,26,29,0,55
2023-12-22T23:09:33,26,29,0,55
2023-12-22T23:26:21,26,29,0,55
2023-12-22T23:43:19,26,29,0,55
2023-12-23T00:00:08,26,29,0,55
2023-12-23T00:17:11,26,29,0,55
2023-12-23T00:34:15,26,29,0,55
2023-12-23T00:51:10,26,29,0,55
2023-12-23T01:08:02,26,29,0,55
2023-12-23T01:25:04,26,29,0,55
2023-12-23T01:41:55,26,29,0,55
2023-12-23T01:58:49,26,29,0,55
2023-12-23T02:15:39,26,29,0,55
2023-12-23T02:32:41,26,29,0,55
2023-12-23T02:49:41,26,29,0,55
2023-12-23T03:06:31,26,29,0,55
2023-12-23T03:24:24,26,29,0,55
2023-12-23T03:41:16,26,29,0,55
2023-12-23T03:58:08,26,29,0,55
2023-12-23T04:22:51,26,29,0,55
2023-12-23T04:39:45,26,29,0,55
2023-12-23T04:58:27,26,29,0,55
2023-12-23T05:15:28,26,29,0,55
2023-12-23T05:32:20,26,29,0,55
2023-12-23T05:49:11,26,29,0,55
2023-12-23T06:06:11,26,29,0,55
2023-12-23T06:23:02,26,29,0,55
2023-12-23T06:39:54,26,29,0,55
2023-12-23T06:56:45,26,29,0,55
2023-12-23T07:13:46,26,29,0,55
2023-12-23T07:30:35,26,29,0,55
2023-12-23T07:47:24,26,29,0,55
2023-12-23T08:04:22,26,29,0,55
2023-12-23T08:21:10,26,29,0,55
2023-12-23T08:37:58,26,29,0,55
2023-12-23T08:54:57,26,29,0,55
2023-12-23T09:11:44,26,29,0,55
2023-12-23T09:28:31,26,29,0,55
2023-12-23T09:45:19,26,29,0,55
2023-12-23T10:02:15,26,29,0,55
2023-12-23T10:19:03,26,29,0,55
2023-12-23T10:35:50,26,29,0,55
2023-12-23T10:52:38,26,29,0,55
2023-12-23T11:09:34,26,29,0,55
2023-12-23T11:26:21,26,29,0,55
2023-12-23T11:43:08,26,29,0,55
2023-12-23T12:00:05,26,29,0,55
2023-12-23T12:16:52,26,29,0,55
2023-12-23T12:33:38,26,29,0,55
2023-12-23T12:50:35,26,29,0,55
2023-12-23T13:07:22,26,29,0,55
2023-12-23T13:24:09,26,29,0,55
2023-12-23T13:40:56,26,29,0,55
2023-12-23T13:57:53,26,29,0,55
2023-12-23T14:14:41,26,29,0,55
2023-12-23T14:31:27,26,29,0,55
2023-12-23T14:48:24,26,29,0,55
2023-12-23T15:05:12,26,29,0,55
2023-12-23T15:21:58,26,29,0,55
2023-12-23T15:38:54,26,29,0,55
2023-12-23T15:55:42,26,29,0,55
2023-12-23T16:12:29,26,29,0,55
2023-12-23T16:29:26,26,29,0,55
2023-12-23T16:46:13,26,29,0,55
2023-12-23T17:03:00,26,29,0,55
2023-12-23T17:19:48,26,29,0,55
2023-12-23T17:36:46,26,29,0,55
2023-12-23T17:53:33,26,29,0,55
2023-12-23T18:10:21,26,29,0,55
2023-12-23T18:27:17,26,29,0,55
2023-12-23T18:44:04,26,29,0,55
2023-12-23T19:00:51,26,29,0,55
2023-12-23T19:17:39,26,29,0,55
2023-12-23T19:34:35,26,29,0,55
2023-12-23T19:51:22,26,29,0,55
2023-12-23T20:08:08,26,29,0,55
2023-12-23T20:25:05,26,29,0,55
2023-12-23T20:41:52,26,29,0,55
2023-12-23T20:58:39,26,29,0,55
2023-12-23T21:15:36,26,29,0,55
2023-12-23T21:32:23,26,29,0,55
2023-12-23T21:49:10,26,29,0,55
2023-12-23T22:05:57,26,29,0,55
2023-12-23T22:22:53,26,29,0,55
2023-12-23T22:39:40,26,29,0,55
2023-12-23T22:56:28,26,29,0,55
2023-12-23T23:13:26,26,29,0,55
2023-12-23T23:30:13,26,29,0,55
2023-12-23T23:47:01,26,29,0,55
2023-12-24T00:03:50,26,29,0,55
2023-12-24T00:20:52,26,29,0,55
2023-12-24T00:37:45,26,29,0,55
2023-12-24T00:54:37,26,29,0,55
2023-12-24T01:11:38,26,29,0,55
2023-12-24T01:28:28,26,29,0,55
2023-12-24T01:45:20,26,29,0,55
2023-12-24T02:02:12,26,29,0,55
2023-12-24T02:19:16,26,29,0,55
2023-12-24T02:36:07,26,29,0,55
2023-12-24T02:52:58,26,29,0,55
2023-12-24T03:10:01,26,29,0,55
2023-12-24T03:26:52,26,29,0,55
2023-12-24T03:43:44,26,29,0,55
2023-12-24T04:00:35,26,29,0,55
2023-12-24T04:32:01,26,29,0,55
2023-12-24T04:50:28,26,29,0,55
2023-12-24T05:07:23,26,29,0,55
2023-12-24T05:24:15,26,29,0,55
2023-12-24T05:41:18,26,29,0,55
2023-12-24T05:58:09,26,29,0,55
2023-12-24T06:15:02,26,29,0,55
2023-12-24T06:31:53,26,29,0,55
2023-12-24T06:48:53,26,29,0,55
2023-12-24T07:05:46,26,29,0,55
2023-12-24T07:22:34,26,29,0,55
2023-12-24T07:39:20,26,29,0,55
2023-12-24T07:56:19,26,29,0,55
2023-12-24T08:13:12,26,29,0,55
2023-12-24T08:30:05,26,29,0,55
2023-12-24T08:46:53,26,29,0,55
2023-12-24T09:03:50,26,29,0,55
2023-12-24T09:20:37,26,29,0,55
2023-12-24T09:37:27,26,29,0,55
2023-12-24T09:54:18,26,29,0,55
2023-12-24T10:11:19,26,29,0,55
2023-12-24T10:28:14,26,29,0,55
2023-12-24T10:45:10,26,29,0,55
2023-12-24T11:02:07,26,29,0,55
2023-12-24T11:19:07,26,29,0,55
2023-12-24T11:35:55,26,29,0,55
2023-12-24T11:52:43,26,29,0,55
2023-12-24T12:09:40,26,29,0,55
2023-12-24T12:26:27,26,29,0,55
2023-12-24T12:43:14,26,29,0,55
2023-12-24T13:00:01,26,29,0,55
2023-12-24T13:16:56,26,29,0,55
2023-12-24T13:33:42,26,29,0,55
2023-12-24T13:50:28,26,29,0,55
2023-12-24T14:07:24,26,29,0,55
2023-12-24T14:24:11,26,29,0,55
2023-12-24T14:40:58,26,29,0,55
2023-12-24T14:57:44,26,29,0,55
2023-12-24T15:14:40,26,29,0,55
2023-12-24T15:31:27,26,29,0,55
2023-12-24T15:48:15,26,29,0,55
2023-12-24T16:05:03,26,29,0,55
2023-12-24T16:22:00,26,29,0,55
2023-12-24T16:38:48,26,29,0,55
2023-12-24T16:55:35,26,29,0,55
2023-12-24T17:12:31,26,29,0,55
2023-12-24T17:29:17,26,29,0,55
2023-12-24T17:46:03,26,29,0,55
2023-12-24T18:02:50,26,29,0,55
2023-12-24T18:19:47,26,29,0,55
2023-12-24T18:36:33,26,29,0,55
2023-12-24T18:53:20,26,29,0,55
2023-12-24T19:10:08,26,29,0,55
2023-12-24T19:27:06,26,29,0,55
2023-12-24T19:43:53,26,29,0,55
2023-12-24T20:00:39,26,29,0,55
2023-12-24T20:17:37,26,29,0,55
2023-12-24T20:34:24,26,29,0,55
2023-12-24T20:51:11,26,29,0,55
2023-12-24T21:08:07,26,29,0,55
2023-12-24T21:24:54,26,29,0,55
2023-12-24T21:41:44,26,29,0,55
2023-12-24T21:58:44,26,29,0,55
2023-12-24T22:15:32,26,29,0,55
2023-12-24T22:32:19,26,29,0,55
2023-12-24T22:49:06,26,29,0,55
2023-12-24T23:06:05,26,29,0,55
2023-12-24T23:22:53,26,29,0,55
2023-12-24T23:39:41,26,29,0,55
2023-12-24T23:56:30,26,29,0,55
2023-12-25T00:13:32,26,29,0,55
2023-12-25T00:30:21,26,29,0,55
2023-12-25T00:47:11,26,29,0,55
2023-12-25T01:03:58,26,29,0,55
2023-12-25T01:20:55,26,29,0,55
2023-12-25T01:37:42,26,29,0,55
2023-12-25T01:54:28,26,29,0,55
2023-12-25T02:11:19,26,29,0,55
2023-12-25T02:28:27,26,29,0,55
2023-12-25T02:45:28,26,29,0,55
2023-12-25T03:02:19,26,29,0,55
2023-12-25T03:20:07,26,29,0,55
2023-12-25T03:37:00,26,29,0,55
2023-12-25T03:53:52,26,29,0,55
2023-12-25T04:10:51,26,29,0,55
2023-12-25T04:32:28,26,29,0,55
2023-12-25T04:49:21,26,29,0,55
2023-12-25T05:06:14,26,29,0,55
2023-12-25T05:23:06,26,29,0,55
2023-12-25T05:39:57,26,29,0,55
2023-12-25T05:56:58,26,29,0,55
2023-12-25T06:13:53,26,29,0,55
2023-12-25T06:30:45,26,29,0,55
2023-12-25T06:47:36,26,29,0,55
2023-12-25T07:04:31,26,29,0,55
2023-12-25T07:21:30,26,29,0,55
2023-12-25T07:38:20,26,29,0,55
2023-12-25T07:55:12,26,29,0,55
2023-12-25T08:12:03,26,29,0,55
2023-12-25T08:29:02,26,29,0,55
2023-12-25T08:45:51,26,29,0,55
2023-12-25T09:02:39,26,29,0,55
2023-12-25T09:19:26,26,29,0,55
2023-12-25T09:36:13,26,29,0,55
2023-12-25T09:53:09,26,29,0,55
2023-12-25T10:09:55,26,29,0,55
2023-12-25T10:26:42,26,29,0,55
2023-12-25T10:43:36,26,29,0,55
2023-12-25T11:00:23,26,29,0,55
2023-12-25T11:17:10,26,29,0,55
2023-12-25T11:33:57,26,29,0,55
2023-12-25T11:50:51,26,29,0,55
2023-12-25T12:07:38,26,29,0,55
2023-12-25T12:24:25,26,29,0,55
2023-12-25T12:41:11,26,29,0,55
2023-12-25T12:58:07,26,29,0,55
2023-12-25T13:14:53,26,29,0,55
2023-12-25T13:31:40,26,29,0,55
2023-12-25T13:48:37,26,29,0,55
2023-12-25T14:05:24,26,29,0,55
2023-12-25T14:22:10,26,29,0,55
2023-12-25T14:38:56,26,29,0,55
2023-12-25T14:55:50,26,29,0,55
2023-12-25T15:12:36,26,29,0,55
2023-12-25T15:29:22,26,29,0,55
2023-12-25T15:46:16,26,29,0,55
2023-12-25T16:03:03,26,29,0,55
2023-12-25T16:19:49,26,29,0,55
2023-12-25T16:36:35,26,29,0,55
2023-12-25T16:53:32,26,29,0,55
2023-12-25T17:10:18,26,29,0,55
2023-12-25T17:27:04,26,29,0,55
2023-12-25T17:43:59,26,29,0,55
2023-12-25T18:00:45,26,29,0,55
2023-12-25T18:17:31,26,29,0,55
2023-12-25T18:34:18,26,29,0,55
2023-12-25T18:51:14,26,29,0,55
2023-12-25T19:08:02,26,29,0,55
2023-12-25T19:24:48,26,29,0,55
2023-12-25T19:41:35,26,29,0,55
2023-12-25T19:58:30,26,29,0,55
2023-12-25T20:15:17,26,29,0,55
2023-12-25T20:32:03,26,29,0,55
2023-12-25T20:48:49,26,29,0,55
2023-12-25T21:05:45,26,29,0,55
2023-12-25T21:22:31,26,29,0,55
2023-12-25T21:39:17,26,29,0,55
2023-12-25T21:56:03,26,29,0,55
2023-12-25T22:12:59,26,29,0,55
2023-12-25T22:29:45,26,29,0,55
2023-12-25T22:46:31,26,29,0,55
2023-12-25T23:03:18,26,29,0,55
2023-12-25T23:20:14,26,29,0,55
2023-12-25T23:37:01,26,29,0,55
2023-12-25T23:53:50,26,29,0,55
2023-12-26T00:10:50,26,29,0,55
2023-12-26T00:27:43,26,29,0,55
2023-12-26T00:44:36,26,29,0,55
2023-12-26T01:01:32,26,29,0,55
2023-12-26T01:18:32,26,29,0,55
2023-12-26T01:35:25,26,29,0,55
2023-12-26T01:52:15,26,29,0,55
2023-12-26T02:09:13,26,29,0,55
2023-12-26T02:26:12,26,29,0,55
2023-12-26T02:43:03,26,29,0,55
2023-12-26T02:59:52,26,29,0,55
2023-12-26T03:16:51,26,29,0,55
2023-12-26T03:33:43,26,29,0,55
2023-12-26T03:50:34,26,29,0,55
2023-12-26T04:07:24,26,29,0,55
2023-12-26T04:27:12,26,29,0,55
2023-12-26T04:44:05,26,29,0,55
2023-12-26T05:00:57,26,29,0,55
2023-12-26T05:17:53,26,29,0,55
2023-12-26T05:34:55,26,29,0,55
2023-12-26T05:51:49,26,29,0,55
2023-12-26T06:08:41,26,29,0,55
2023-12-26T06:25:32,26,29,0,55
2023-12-26T06:42:23,26,29,0,55
2023-12-26T06:59:21,26,29,0,55
2023-12-26T07:16:11,26,29,0,55
2023-12-26T07:32:58,26,29,0,55
2023-12-26T07:49:45,26,29,0,55
2023-12-26T08:06:40,26,29,0,55
2023-12-26T08:23:27,26,29,0,55
2023-12-26T08:40:15,26,29,0,55
2023-12-26T08:57:02,26,29,0,55
2023-12-26T09:13:56,26,29,0,55
2023-12-26T09:30:43,26,29,0,55
2023-12-26T09:47:29,26,29,0,55
2023-12-26T10:04:16,26,29,0,55
2023-12-26T10:21:11,26,29,0,55
2023-12-26T10:37:57,26,29,0,55
2023-12-26T10:54:43,26,29,0,55
2023-12-26T11:11:29,26,29,0,55
2023-12-26T11:28:23,26,29,0,55
2023-12-26T11:45:10,26,29,0,55
2023-12-26T12:01:58,26,29,0,55
2023-12-26T12:18:52,26,29,0,55
2023-12-26T12:35:38,26,29,0,55
2023-12-26T12:52:25,26,29,0,55
2023-12-26T13:09:19,26,29,0,55
2023-12-26T13:26:05,26,29,0,55
2023-12-26T13:42:51,26,29,0,55
2023-12-26T13:59:38,26,29,0,55
2023-12-26T14:16:33,26,29,0,55
2023-12-26T14:33:19,26,29,0,55
2023-12-26T14:50:04,26,29,0,55
2023-12-26T15:07:00,26,29,0,55
2023-12-26T15:23:48,26,29,0,55
2023-12-26T15:40:34,26,29,0,55
2023-12-26T15:57:29,26,29,0,55
2023-12-26T16:14:16,26,29,0,55
2023-12-26T16:31:02,26,29,0,55
2023-12-26T16:47:48,26,29,0,55
2023-12-26T17:04:48,26,29,0,55
2023-12-26T17:21:35,26,29,0,55
2023-12-26T17:38:21,26,29,0,55
2023-12-26T17:55:17,26,29,0,55
2023-12-26T18:12:04,26,29,0,55
2023-12-26T18:28:51,26,29,0,55
2023-12-26T18:45:38,26,29,0,55
2023-12-26T19:02:34,26,29,0,55
2023-12-26T19:19:21,26,29,0,55
2023-12-26T19:36:08,26,29,0,55
2023-12-26T19:52:54,26,29,0,55
2023-12-26T20:09:51,26,29,0,55
2023-12-26T20:26:38,26,29,0,55
2023-12-26T20:43:24,26,29,0,55
2023-12-26T21:00:21,26,29,0,55
2023-12-26T21:17:07,26,29,0,55
2023-12-26T21:33:53,26,29,0,55
2023-12-26T21:50:40,27,28,0,55
2023-12-26T22:07:36,27,28,0,55
2023-12-26T22:24:22,27,28,0,55
2023-12-26T22:41:09,27,28,0,55
2023-12-26T22:57:57,27,28,0,55
2023-12-26T23:14:54,27,28,0,55
2023-12-26T23:31:41,27,28,0,55
2023-12-26T23:48:28,27,28,0,55
2023-12-27T00:05:27,27,28,0,55
2023-12-27T00:22:19,27,28,0,55
2023-12-27T00:39:12,27,28,0,55
2023-12-27T00:56:05,27,28,0,55
2023-12-27T01:13:07,27,28,0,55
2023-12-27T01:29:56,27,28,0,55
2023-12-27T01:46:50,27,28,0,55
2023-12-27T02:03:42,27,28,0,55
2023-12-27T02:20:55,27,28,0,55
2023-12-27T02:37:47,27,28,0,55
2023-12-27T02:54:39,27,28,0,55
2023-12-27T03:11:40,27,28,0,55
2023-12-27T03:28:31,27,28,0,55
2023-12-27T03:45:22,27,28,0,55
2023-12-27T04:02:13,27,28,0,55
2023-12-27T04:30:40,27,28,0,55
2023-12-27T04:47:33,27,28,0,55
2023-12-27T05:04:31,27,28,0,55
2023-12-27T05:21:22,27,28,0,55
2023-12-27T05:38:25,27,28,0,55
2023-12-27T05:55:16,27,28,0,55
2023-12-27T06:12:10,27,28,0,55
2023-12-27T06:29:11,27,28,0,55
2023-12-27T06:46:02,27,28,0,55
2023-12-27T07:02:55,27,28,0,55
2023-12-27T07:19:44,27,28,0,55
2023-12-27T07:36:39,27,28,0,55
2023-12-27T07:53:26,27,28,0,55
2023-12-27T08:10:13,27,28,0,55
2023-12-27T08:27:00,27,28,0,55
2023-12-27T08:43:48,27,28,0,55
2023-12-27T09:00:44,27,28,0,55
2023-12-27T09:17:33,27,28,0,55
2023-12-27T09:34:19,27,28,0,55
2023-12-27T09:51:06,27,28,0,55
2023-12-27T10:07:54,27,28,0,55
2023-12-27T10:24:52,27,28,0,55
2023-12-27T10:41:39,27,28,0,55
2023-12-27T10:58:26,27,28,0,55
2023-12-27T11:15:13,27,28,0,55
2023-12-27T11:32:09,27,28,0,55
2023-12-27T11:48:55,27,28,0,55
2023-12-27T12:05:43,27,28,0,55
2023-12-27T12:22:38,27,28,0,55
2023-12-27T12:39:25,27,28,0,55
2023-12-27T12:56:11,28,27,0,55
2023-12-27T13:12:59,28,27,0,55
2023-12-27T13:29:45,28,27,0,55
2023-12-27T13:46:42,28,27,0,55
2023-12-27T14:03:32,28,27,0,55
2023-12-27T14:20:19,28,27,0,55
2023-12-27T14:37:06,28,27,0,55
2023-12-27T14:54:02,28,27,0,55
2023-12-27T15:10:50,28,27,0,55
2023-12-27T15:27:36,28,27,0,55
2023-12-27T15:44:33,28,27,0,55
2023-12-27T16:01:20,28,27,0,55
2023-12-27T16:18:07,28,27,0,55
2023-12-27T16:34:53,28,27,0,55
2023-12-27T16:51:49,28,27,0,55
2023-12-27T17:08:36,28,27,0,55
2023-12-27T17:25:24,28,27,0,55
2023-12-27T17:42:11,28,27,0,55
2023-12-27T17:59:08,28,27,0,55
2023-12-27T18:15:56,28,27,0,55
2023-12-27T18:32:42,28,27,0,55
2023-12-27T18:49:29,28,27,0,55
2023-12-27T19:06:26,28,27,0,55
2023-12-27T19:29:13,28,27,0,55
2023-12-27T19:46:00,28,27,0,55
2023-12-27T20:02:45,28,27,0,55
2023-12-27T20:19:31,28,27,0,55
2023-12-27T20:36:28,28,27,0,55
2023-12-27T20:53:14,28,27,0,55
2023-12-27T21:10:00,28,27,0,55
2023-12-27T21:26:47,28,27,0,55
2023-12-27T21:43:34,28,27,0,55
2023-12-27T22:00:33,28,27,0,55
2023-12-27T22:17:22,28,27,0,55
2023-12-27T22:34:09,28,27,0,55
2023-12-27T22:50:55,28,27,0,55
2023-12-27T23:07:43,28,27,0,55
2023-12-27T23:24:40,28,27,0,55
2023-12-27T23:41:27,28,27,0,55
2023-12-27T23:58:14,28,27,0,55
2023-12-28T00:15:08,28,27,0,55
2023-12-28T00:32:03,28,27,0,55
2023-12-28T00:49:06,28,27,0,55
2023-12-28T01:05:59,28,27,0,55
2023-12-28T01:22:48,28,27,0,55
2023-12-28T01:39:37,28,27,0,55
2023-12-28T01:56:24,28,27,0,55
2023-12-28T02:13:11,28,27,0,55
2023-12-28T02:30:08,28,27,0,55
2023-12-28T02:46:55,28,27,0,55
2023-12-28T03:03:41,28,27,0,55
2023-12-28T03:20:31,28,27,0,55
2023-12-28T03:37:32,28,27,0,55
2023-12-28T03:54:22,28,27,0,55
2023-12-28T04:11:12,28,27,0,55
2023-12-28T04:33:26,28,27,0,55
2023-12-28T04:51:59,28,27,0,55
2023-12-28T05:08:55,28,27,0,55
2023-12-28T05:25:43,28,27,0,55
2023-12-28T05:42:29,28,27,0,55
2023-12-28T05:59:24,28,27,0,55
2023-12-28T06:16:11,28,27,0,55
2023-12-28T06:33:05,28,27,0,55
2023-12-28T06:49:51,28,27,0,55
2023-12-28T07:06:49,28,27,0,55
2023-12-28T07:23:36,28,27,0,55
2023-12-28T07:40:34,28,27,0,55
2023-12-28T07:57:21,28,27,0,55
2023-12-28T08:14:20,28,27,0,55
2023-12-28T08:31:26,28,27,0,55
2023-12-28T08:48:25,28,27,0,55
2023-12-28T09:05:15,28,27,0,55
2023-12-28T09:22:04,28,27,0,55
2023-12-28T09:39:02,28,27,0,55
2023-12-28T09:55:50,28,27,0,55
2023-12-28T10:12:51,28,27,0,55
2023-12-28T10:29:41,28,27,0,55
2023-12-28T10:46:31,28,27,0,55
2023-12-28T11:03:21,28,27,0,55
2023-12-28T11:20:19,28,27,0,55
2023-12-28T11:37:08,28,27,0,55
2023-12-28T11:53:57,28,27,0,55
2023-12-28T12:10:56,28,27,0,55
2023-12-28T12:27:45,28,27,0,55
2023-12-28T12:44:33,28,27,0,55
2023-12-28T13:01:21,28,27,0,55
2023-12-28T13:18:17,28,27,0,55
2023-12-28T13:35:03,28,27,0,55
2023-12-28T13:51:50,28,27,0,55
2023-12-28T14:08:36,28,27,0,55
2023-12-28T14:25:34,28,27,0,55
2023-12-28T14:42:20,28,27,0,55
2023-12-28T14:59:06,28,27,0,55
2023-12-28T15:15:52,28,27,0,55
2023-12-28T15:32:48,28,27,0,55
2023-12-28T15:49:34,28,27,0,55
2023-12-28T16:06:20,28,27,0,55
2023-12-28T16:23:06,28,27,0,55
2023-12-28T16:39:52,28,27,0,55
2023-12-28T16:56:48,28,27,0,55
2023-12-28T17:13:34,28,27,0,55
2023-12-28T17:30:21,28,27,0,55
2023-12-28T17:47:08,28,27,0,55
2023-12-28T18:03:54,28,27,0,55
2023-12-28T18:20:50,28,27,0,55
2023-12-28T18:37:36,28,27,0,55
2023-12-28T18:54:23,28,27,0,55
2023-12-28T19:11:10,28,27,0,55
2023-12-28T19:27:57,28,27,0,55
2023-12-28T19:44:43,28,27,0,55
2023-12-28T20:01:39,28,27,0,55
2023-12-28T20:18:25,28,27,0,55
2023-12-28T20:35:12,28,27,0,55
2023-12-28T20:51:58,28,27,0,55
2023-12-28T21:08:44,28,27,0,55
2023-12-28T21:25:39,28,27,0,55
2023-12-28T21:42:26,28,27,0,55
2023-12-28T21:59:13,28,27,0,55
2023-12-28T22:15:59,28,27,0,55
2023-12-28T22:32:45,29,26,0,55
2023-12-28T22:49:41,29,26,0,55
2023-12-28T23:06:28,29,26,0,55
2023-12-28T23:23:15,29,26,0,55
2023-12-28T23:40:02,29,26,0,55
2023-12-28T23:56:49,29,26,0,55
2023-12-29T00:13:50,29,26,0,55
2023-12-29T00:30:42,29,26,0,55
2023-12-29T00:47:34,29,26,0,55
2023-12-29T01:04:26,29,26,0,55
2023-12-29T01:21:18,29,26,0,55
2023-12-29T01:38:23,29,26,0,55
2023-12-29T01:55:14,29,26,0,55
2023-12-29T02:12:06,29,26,0,55
2023-12-29T02:28:56,29,26,0,55
2023-12-29T02:45:49,29,26,0,55
2023-12-29T03:02:40,29,26,0,55
2023-12-29T03:20:00,29,26,0,55
2023-12-29T03:36:51,29,26,0,55
2023-12-29T03:53:43,29,26,0,55
2023-12-29T04:25:50,29,26,0,55
2023-12-29T04:42:43,29,26,0,55
2023-12-29T05:01:18,29,26,0,55
2023-12-29T05:18:13,29,26,0,55
2023-12-29T05:35:04,29,26,0,55
2023-12-29T05:51:55,29,26,0,55
2023-12-29T06:08:56,29,26,0,55
2023-12-29T06:25:48,29,26,0,55
2023-12-29T06:42:39,29,26,0,55
2023-12-29T06:59:29,29,26,0,55
2023-12-29T07:16:33,29,26,0,55
2023-12-29T07:33:21,29,26,0,55
2023-12-29T07:50:07,29,26,0,55
2023-12-29T08:06:54,29,26,0,55
2023-12-29T08:23:51,29,26,0,55
2023-12-29T08:40:37,29,26,0,55
2023-12-29T08:57:24,29,26,0,55
2023-12-29T09:14:10,29,26,0,55
2023-12-29T09:31:12,29,26,0,55
2023-12-29T09:47:59,29,26,0,55
2023-12-29T10:04:46,29,26,0,55
2023-12-29T10:21:40,29,26,0,55
2023-12-29T10:38:26,29,26,0,55
2023-12-29T10:55:13,29,26,0,55
2023-12-29T11:11:59,29,26,0,55
2023-12-29T11:28:54,29,26,0,55
2023-12-29T11:45:40,29,26,0,55
2023-12-29T12:02:29,29,26,0,55
2023-12-29T12:19:24,29,26,0,55
2023-12-29T12:36:10,29,26,0,55
2023-12-29T12:52:56,29,26,0,55
2023-12-29T13:09:57,29,26,0,55
2023-12-29T13:26:43,29,26,0,55
2023-12-29T13:43:29,29,26,0,55
2023-12-29T14:00:15,29,26,0,55
2023-12-29T14:17:12,29,26,0,55
2023-12-29T14:33:58,29,26,0,55
2023-12-29T14:50:44,29,26,0,55
2023-12-29T15:07:40,29,26,0,55
2023-12-29T15:24:26,29,26,0,55
2023-12-29T15:41:29,29,26,0,55
2023-12-29T15:58:15,29,26,0,55
2023-12-29T16:15:01,29,26,0,55
2023-12-29T16:31:48,29,26,0,55
2023-12-29T16:48:43,29,26,0,55
2023-12-29T17:05:30,29,26,0,55
2023-12-29T17:22:16,29,26,0,55
2023-12-29T17:39:03,29,26,0,55
2023-12-29T17:55:58,29,26,0,55
2023-12-29T18:12:45,29,26,0,55
2023-12-29T18:29:31,29,26,0,55
2023-12-29T18:46:18,29,26,0,55
2023-12-29T19:03:13,29,26,0,55
2023-12-29T19:20:01,29,26,0,55
2023-12-29T19:36:47,29,26,0,55
2023-12-29T19:53:34,29,26,0,55
2023-12-29T20:10:30,29,26,0,55
2023-12-29T20:27:17,29,26,0,55
2023-12-29T20:44:03,29,26,0,55
2023-12-29T21:00:50,29,26,0,55
2023-12-29T21:17:53,29,26,0,55
2023-12-29T21:34:39,29,26,0,55
2023-12-29T21:51:26,29,26,0,55
2023-12-29T22:08:12,29,26,0,55
2023-12-29T22:24:59,29,26,0,55
2023-12-29T22:41:55,29,26,0,55
2023-12-29T22:58:41,29,26,0,55
2023-12-29T23:15:27,29,26,0,55
2023-12-29T23:32:14,29,26,0,55
2023-12-29T23:49:16,29,26,0,55
2023-12-30T00:06:06,29,26,0,55
2023-12-30T00:23:03,29,26,0,55
2023-12-30T00:40:14,29,26,0,55
2023-12-30T00:57:08,29,26,0,55
2023-12-30T01:13:59,29,26,0,55
2023-12-30T01:30:52,29,26,0,55
2023-12-30T01:47:45,29,26,0,55
2023-12-30T02:04:52,29,26,0,55
2023-12-30T02:21:40,29,26,0,55
2023-12-30T02:38:28,29,26,0,55
2023-12-30T02:55:15,29,26,0,55
2023-12-30T03:12:12,29,26,0,55
2023-12-30T03:29:01,29,26,0,55
2023-12-30T03:45:50,29,26,0,55
2023-12-30T04:02:56,29,26,0,55
2023-12-30T04:26:04,29,26,0,55
2023-12-30T04:42:57,29,26,0,55
2023-12-30T04:59:54,29,26,0,55
2023-12-30T05:16:50,29,26,0,55
2023-12-30T05:33:50,29,26,0,55
2023-12-30T05:50:55,29,26,0,55
2023-12-30T06:07:46,29,26,0,55
2023-12-30T06:24:44,29,26,0,55
2023-12-30T06:41:34,29,26,0,55
2023-12-30T06:58:25,29,26,0,55
2023-12-30T07:15:24,29,26,0,55
2023-12-30T07:32:14,29,26,0,55
2023-12-30T07:49:03,29,26,0,55
2023-12-30T08:06:02,29,26,0,55
2023-12-30T08:22:53,29,26,0,55
2023-12-30T08:39:43,29,26,0,55
2023-12-30T08:56:33,29,26,0,55
2023-12-30T09:13:32,29,26,0,55
2023-12-30T09:30:21,29,26,0,55
2023-12-30T09:47:10,29,26,0,55
2023-12-30T10:04:09,29,26,0,55
2023-12-30T10:20:58,29,26,0,55
2023-12-30T10:37:49,29,26,0,55
2023-12-30T10:54:38,29,26,0,55
2023-12-30T11:11:36,29,26,0,55
2023-12-30T11:28:24,29,26,0,55
2023-12-30T11:45:14,29,26,0,55
2023-12-30T12:02:11,29,26,0,55
2023-12-30T12:18:59,29,26,0,55
2023-12-30T12:35:47,29,26,0,55
2023-12-30T12:52:45,29,26,0,55
2023-12-30T13:09:32,29,26,0,55
2023-12-30T13:26:18,29,26,0,55
2023-12-30T13:43:13,29,26,0,55
2023-12-30T13:59:59,29,26,0,55
2023-12-30T14:16:50,29,26,0,55
2023-12-30T14:33:35,29,26,0,55
2023-12-30T14:50:31,29,26,0,55
2023-12-30T15:07:17,29,26,0,55
2023-12-30T15:24:03,29,26,0,55
2023-12-30T15:40:57,29,26,0,55
2023-12-30T15:57:43,29,26,0,55
2023-12-30T16:14:29,29,26,0,55
2023-12-30T16:31:15,29,26,0,55
2023-12-30T16:48:10,29,26,0,55
2023-12-30T17:04:57,29,26,0,55
2023-12-30T17:21:43,29,26,0,55
2023-12-30T17:38:29,29,26,0,55
2023-12-30T17:55:25,29,26,0,55
2023-12-30T18:12:11,29,26,0,55
2023-12-30T18:28:58,29,26,0,55
2023-12-30T18:45:52,29,26,0,55
2023-12-30T19:02:40,29,26,0,55
2023-12-30T19:19:27,29,26,0,55
2023-12-30T19:36:13,29,26,0,55
2023-12-30T19:53:09,29,26,0,55
2023-12-30T20:09:55,29,26,0,55
2023-12-30T20:26:42,29,26,0,55
2023-12-30T20:43:28,29,26,0,55
2023-12-30T21:00:24,29,26,0,55
2023-12-30T21:17:10,29,26,0,55
2023-12-30T21:33:57,29,26,0,55
2023-12-30T21:50:53,29,26,0,55
2023-12-30T22:07:39,29,26,0,55
2023-12-30T22:24:25,29,26,0,55
2023-12-30T22:41:12,29,26,0,55
2023-12-30T22:58:09,29,26,0,55
2023-12-30T23:14:56,29,26,0,55
2023-12-30T23:31:44,29,26,0,55
2023-12-30T23:48:30,29,26,0,55
2023-12-31T00:05:28,29,26,0,55
2023-12-31T00:22:20,29,26,0,55
2023-12-31T00:39:11,29,26,0,55
2023-12-31T00:56:11,29,26,0,55
2023-12-31T01:13:02,29,26,0,55
2023-12-31T01:29:52,29,26,0,55
2023-12-31T01:46:43,29,26,0,55
2023-12-31T02:03:45,29,26,0,55
2023-12-31T02:20:43,29,26,0,55
2023-12-31T02:37:33,29,26,0,55
2023-12-31T02:54:24,29,26,0,55
2023-12-31T03:11:24,29,26,0,55
2023-12-31T03:28:14,29,26,0,55
2023-12-31T03:45:05,29,26,0,55
2023-12-31T04:02:05,29,26,0,55
2023-12-31T04:22:48,29,26,0,55
2023-12-31T04:41:16,29,26,0,55
2023-12-31T04:58:08,29,26,0,55
2023-12-31T05:15:01,29,26,0,55
2023-12-31T05:32:05,29,26,0,55
2023-12-31T05:48:56,29,26,0,55
2023-12-31T06:05:55,29,26,0,55
2023-12-31T06:22:47,29,26,0,55
2023-12-31T06:39:36,29,26,0,55
2023-12-31T06:56:36,29,26,0,55
2023-12-31T07:13:24,29,26,0,55
2023-12-31T07:30:11,29,26,0,55
2023-12-31T07:46:58,29,26,0,55
2023-12-31T08:03:46,29,26,0,55
2023-12-31T08:20:43,29,26,0,55
2023-12-31T08:37:31,29,26,0,55
2023-12-31T08:54:17,29,26,0,55
2023-12-31T09:11:03,29,26,0,55
2023-12-31T09:27:57,29,26,0,55
2023-12-31T09:44:43,29,26,0,55
2023-12-31T10:01:31,29,26,0,55
2023-12-31T10:18:18,29,26,0,55
2023-12-31T10:35:17,29,26,0,55
2023-12-31T10:52:04,29,26,0,55
2023-12-31T11:08:53,29,26,0,55
2023-12-31T11:25:43,29,26,0,55
2023-12-31T11:42:42,29,26,0,55
2023-12-31T11:59:32,29,26,0,55
2023-12-31T12:16:31,29,26,0,55
2023-12-31T12:33:19,29,26,0,55
2023-12-31T12:50:05,29,26,0,55
2023-12-31T13:06:51,29,26,0,55
2023-12-31T13:23:47,29,26,0,55
2023-12-31T13:40:33,29,26,0,55
2023-12-31T13:57:20,29,26,0,55
2023-12-31T14:14:06,29,26,0,55
2023-12-31T14:31:02,29,26,0,55
2023-12-31T14:47:50,29,26,0,55
2023-12-31T15:04:36,29,26,0,55
2023-12-31T15:21:31,29,26,0,55
2023-12-31T15:38:16,29,26,0,55
2023-12-31T15:55:02,29,26,0,55
2023-12-31T16:11:58,29,26,0,55
2023-12-31T16:28:45,29,26,0,55
2023-12-31T16:45:31,29,26,0,55
2023-12-31T17:02:26,29,26,0,55
2023-12-31T17:19:12,29,26,0,55
2023-12-31T17:35:59,29,26,0,55
2023-12-31T17:52:55,29,26,0,55
2023-12-31T18:09:41,29,26,0,55
2023-12-31T18:26:27,29,26,0,55
2023-12-31T18:43:13,29,26,0,55
2023-12-31T19:00:09,29,26,0,55
2023-12-31T19:16:59,29,26,0,55
2023-12-31T19:33:45,29,26,0,55
2023-12-31T19:50:40,29,26,0,55
2023-12-31T20:07:26,29,26,0,55
2023-12-31T20:24:13,29,26,0,55
2023-12-31T20:40:59,29,26,0,55
2023-12-31T20:57:54,29,26,0,55
2023-12-31T21:14:40,29,26,0,55
2023-12-31T21:31:30,29,26,0,55
2023-12-31T21:48:20,29,26,0,55
2023-12-31T22:05:17,29,26,0,55
2023-12-31T22:22:03,29,26,0,55
2023-12-31T22:38:49,29,26,0,55
2023-12-31T22:55:45,29,26,0,55
2023-12-31T23:12:33,29,26,0,55
2023-12-31T23:29:20,29,26,0,55
2023-12-31T23:46:06,29,26,0,55
2024-01-01T00:03:02,29,26,0,55
2024-01-01T00:20:06,29,26,0,55
2024-01-01T00:37:06,29,26,0,55
2024-01-01T00:54:01,29,26,0,55
2024-01-01T01:10:49,29,26,0,55
2024-01-01T01:27:58,29,26,0,55
2024-01-01T01:44:51,29,26,0,55
2024-01-01T02:01:43,29,26,0,55
2024-01-01T02:18:53,29,26,0,55
2024-01-01T02:35:42,29,26,0,55
2024-01-01T02:52:32,29,26,0,55
2024-01-01T03:09:32,29,26,0,55
2024-01-01T03:26:23,29,26,0,55
2024-01-01T03:43:12,29,26,0,55
2024-01-01T04:00:03,29,26,0,55
2024-01-01T04:33:14,29,26,0,55
2024-01-01T04:50:08,29,26,0,55
2024-01-01T05:07:07,29,26,0,55
2024-01-01T05:24:01,29,26,0,55
2024-01-01T05:40:59,29,26,0,55
2024-01-01T05:57:51,29,26,0,55
2024-01-01T06:14:42,29,26,0,55
2024-01-01T06:31:34,29,26,0,55
2024-01-01T06:48:34,29,26,0,55
2024-01-01T07:05:25,29,26,0,55
2024-01-01T07:22:15,29,26,0,55
2024-01-01T07:39:03,29,26,0,55
2024-01-01T07:55:58,29,26,0,55
2024-01-01T08:12:45,29,26,0,55
2024-01-01T08:29:32,29,26,0,55
2024-01-01T08:46:20,29,26,0,55
2024-01-01T09:03:06,29,26,0,55
2024-01-01T09:20:01,29,26,0,55
2024-01-01T09:36:47,29,26,0,55
2024-01-01T09:53:35,29,26,0,55
2024-01-01T10:10:21,29,26,0,55
2024-01-01T10:27:18,29,26,0,55
2024-01-01T10:44:05,29,26,0,55
2024-01-01T11:00:58,29,26,0,55
2024-01-01T11:17:57,29,26,0,55
2024-01-01T11:34:43,29,26,0,55
2024-01-01T11:51:44,29,26,0,55
2024-01-01T12:08:31,29,26,0,55
2024-01-01T12:25:27,29,26,0,55
2024-01-01T12:42:14,29,26,0,55
2024-01-01T12:59:02,29,26,0,55
2024-01-01T13:15:49,29,26,0,55
2024-01-01T13:32:47,29,26,0,55
2024-01-01T13:49:33,29,26,0,55
2024-01-01T14:06:27,29,26,0,55
2024-01-01T14:23:13,29,26,0,55
2024-01-01T14:40:00,29,26,0,55
2024-01-01T14:57:04,29,26,0,55
2024-01-01T15:13:51,29,26,0,55
2024-01-01T15:30:37,29,26,0,55
2024-01-01T15:47:32,29,26,0,55
2024-01-01T16:04:19,29,26,0,55
2024-01-01T16:21:06,29,26,0,55
2024-01-01T16:37:52,29,26,0,55
2024-01-01T16:54:49,29,26,0,55
2024-01-01T17:11:36,29,26,0,55
2024-01-01T17:28:23,29,26,0,55
2024-01-01T17:45:18,29,26,0,55
2024-01-01T18:02:06,29,26,0,55
2024-01-01T18:18:53,29,26,0,55
2024-01-01T18:35:41,29,26,0,55
2024-01-01T18:52:43,29,26,0,55
2024-01-01T19:09:32,29,26,0,55
2024-01-01T19:26:19,29,26,0,55
2024-01-01T19:43:14,29,26,0,55
2024-01-01T20:00:03,29,26,0,55
2024-01-01T20:16:50,29,26,0,55
2024-01-01T20:33:36,29,26,0,55
2024-01-01T20:50:32,29,26,0,55
2024-01-01T21:07:18,29,26,0,55
2024-01-01T21:24:04,29,26,0,55
2024-01-01T21:41:02,29,26,0,55
2024-01-01T21:57:48,29,26,0,55
2024-01-01T22:14:34,29,26,0,55
2024-01-01T22:31:20,29,26,0,55
2024-01-01T22:48:16,29,26,0,55
2024-01-01T23:05:02,29,26,0,55
2024-01-01T23:21:49,29,26,0,55
2024-01-01T23:38:46,29,26,0,55
2024-01-01T23:55:33,29,26,0,55
2024-01-02T00:12:22,29,26,0,55
2024-01-02T00:29:10,29,26,0,55
2024-01-02T00:46:14,29,26,0,55
2024-01-02T01:03:06,28,27,0,55
2024-01-02T01:19:54,28,27,0,55
2024-01-02T01:37:04,28,27,0,55
2024-01-02T01:53:54,28,27,0,55
2024-01-02T02:10:47,28,27,0,55
2024-01-02T02:27:46,28,27,0,55
2024-01-02T02:44:36,28,27,0,55
2024-01-02T03:01:25,28,27,0,55
2024-01-02T03:18:34,28,27,0,55
2024-01-02T03:35:25,28,27,0,55
2024-01-02T03:52:16,28,27,0,55
2024-01-02T04:25:47,28,27,0,55
2024-01-02T04:42:40,28,27,0,55
2024-01-02T04:59:32,28,27,0,55
2024-01-02T05:16:29,28,27,0,55
2024-01-02T05:33:29,28,27,0,55
2024-01-02T05:50:20,28,27,0,55
2024-01-02T06:07:13,28,27,0,55
2024-01-02T06:24:12,28,27,0,55
2024-01-02T06:41:04,28,27,0,55
2024-01-02T06:57:54,28,27,0,55
2024-01-02T07:14:42,28,27,0,55
2024-01-02T07:31:30,28,27,0,55
2024-01-02T07:48:25,28,27,0,55
2024-01-02T08:05:13,28,27,0,55
2024-01-02T08:22:01,28,27,0,55
2024-01-02T08:38:48,28,27,0,55
2024-01-02T08:55:44,28,27,0,55
2024-01-02T09:12:31,28,27,0,55
2024-01-02T09:29:17,28,27,0,55
2024-01-02T09:46:04,28,27,0,55
2024-01-02T10:02:59,28,27,0,55
2024-01-02T10:19:47,28,27,0,55
2024-01-02T10:36:34,28,27,0,55
2024-01-02T10:53:22,28,27,0,55
2024-01-02T11:10:18,28,27,0,55
2024-01-02T11:27:04,28,27,0,55
2024-01-02T11:43:51,28,27,0,55
2024-01-02T12:00:47,28,27,0,55
2024-01-02T12:17:34,28,27,0,55
2024-01-02T12:34:21,28,27,0,55
2024-01-02T12:51:17,28,27,0,55
2024-01-02T13:08:04,28,27,0,55
2024-01-02T13:24:50,28,27,0,55
2024-01-02T13:41:51,28,27,0,55
2024-01-02T13:58:38,28,27,0,55
2024-01-02T14:15:24,28,27,0,55
2024-01-02T14:32:11,28,27,0,55
2024-01-02T14:49:07,28,27,0,55
2024-01-02T15:05:54,28,27,0,55
2024-01-02T15:22:51,28,27,0,55
2024-01-02T15:39:38,28,27,0,55
2024-01-02T15:56:25,28,27,0,55
2024-01-02T16:13:21,28,27,0,55
2024-01-02T16:30:07,28,27,0,55
2024-01-02T16:46:54,28,27,0,55
2024-01-02T17:03:51,28,27,0,55
2024-01-02T17:20:39,28,27,0,55
2024-01-02T17:37:25,28,27,0,55
2024-01-02T17:54:23,28,27,0,55
2024-01-02T18:11:10,28,27,0,55
2024-01-02T18:27:56,28,27,0,55
2024-01-02T18:44:51,28,27,0,55
2024-01-02T19:01:39,28,27,0,55
2024-01-02T19:18:26,28,27,0,55
2024-01-02T19:35:21,28,27,0,55
2024-01-02T19:52:08,28,27,0,55
2024-01-02T20:08:55,28,27,0,55
2024-01-02T20:25:53,28,27,0,55
2024-01-02T20:42:40,28,27,0,55
2024-01-02T20:59:26,28,27,0,55
2024-01-02T21:16:23,28,27,0,55
2024-01-02T21:33:11,28,27,0,55
2024-01-02T21:49:57,28,27,0,55
2024-01-02T22:06:45,28,27,0,55
2024-01-02T22:23:42,28,27,0,55
2024-01-02T22:40:29,28,27,0,55
2024-01-02T22:57:16,28,27,0,55
2024-01-02T23:14:15,28,27,0,55
2024-01-02T23:31:03,28,27,0,55
2024-01-02T23:47:51,28,27,0,55
2024-01-03T00:04:40,28,27,0,55
2024-01-03T00:21:34,28,27,0,55
2024-01-03T00:38:25,28,27,0,55
2024-01-03T00:55:30,28,27,0,55
2024-01-03T01:12:24,28,27,0,55
2024-01-03T01:29:15,28,27,0,55
2024-01-03T01:46:09,28,27,0,55
2024-01-03T02:03:01,28,27,0,55
2024-01-03T02:20:12,28,27,0,55
2024-01-03T02:37:02,28,27,0,55
2024-01-03T02:53:53,28,27,0,55
2024-01-03T03:10:43,28,27,0,55
2024-01-03T03:27:34,28,27,0,55
2024-01-03T03:44:36,28,27,0,55
2024-01-03T04:01:27,28,27,0,55
2024-01-03T04:34:23,28,27,0,55
2024-01-03T04:51:17,28,27,0,55
2024-01-03T05:08:19,28,27,0,55
2024-01-03T05:25:12,28,27,0,55
2024-01-03T05:42:04,28,27,0,55
2024-01-03T06:00:50,28,27,0,55
2024-01-03T06:17:55,28,27,0,55
2024-01-03T06:34:47,28,27,0,55
2024-01-03T06:51:40,28,27,0,55
2024-01-03T07:08:31,28,27,0,55
2024-01-03T07:25:19,28,27,0,55
2024-01-03T07:42:15,28,27,0,55
2024-01-03T07:59:03,28,27,0,55
2024-01-03T08:15:51,28,27,0,55
2024-01-03T08:32:40,28,27,0,55
2024-01-03T08:49:28,28,27,0,55
2024-01-03T09:06:16,28,27,0,55
2024-01-03T09:23:12,28,27,0,55
2024-01-03T09:40:01,28,27,0,55
2024-01-03T09:56:49,28,27,0,55
2024-01-03T10:13:37,28,27,0,55
2024-01-03T10:30:37,28,27,0,55
2024-01-03T10:47:27,28,27,0,55
2024-01-03T11:04:20,28,27,0,55
2024-01-03T11:21:12,28,27,0,55
2024-01-03T11:38:15,28,27,0,55
2024-01-03T11:55:05,28,27,0,55
2024-01-03T12:11:57,28,27,0,55
2024-01-03T12:28:57,28,27,0,55
2024-01-03T12:45:48,28,27,0,55
2024-01-03T13:02:39,28,27,0,55
2024-01-03T13:19:41,28,27,0,55
2024-01-03T13:36:31,28,27,0,55
2024-01-03T13:53:21,28,27,0,55
2024-01-03T14:10:21,28,27,0,55
2024-01-03T14:27:10,28,27,0,55
2024-01-03T14:43:59,28,27,0,55
2024-01-03T15:00:48,28,27,0,55
2024-01-03T15:17:50,28,27,0,55
2024-01-03T15:34:38,28,27,0,55
2024-01-03T15:51:41,28,27,0,55
2024-01-03T16:08:29,28,27,0,55
2024-01-03T16:25:17,28,27,0,55
2024-01-03T16:42:05,28,27,0,55
2024-01-03T16:59:03,28,27,0,55
2024-01-03T17:15:51,28,27,0,55
2024-01-03T17:32:39,28,27,0,55
2024-01-03T17:49:26,28,27,0,55
2024-01-03T18:06:25,28,27,0,55
2024-01-03T18:23:15,28,27,0,55
2024-01-03T18:40:03,28,27,0,55
2024-01-03T18:57:03,28,27,0,55
2024-01-03T19:13:51,28,27,0,55
2024-01-03T19:30:49,28,27,0,55
2024-01-03T19:47:37,28,27,0,55
2024-01-03T20:04:44,28,27,0,55
2024-01-03T20:21:32,28,27,0,55
2024-01-03T20:38:30,28,27,0,55
2024-01-03T20:55:19,28,27,0,55
2024-01-03T21:12:08,28,27,0,55
2024-01-03T21:28:56,28,27,0,55
2024-01-03T21:45:44,28,27,0,55
2024-01-03T22:02:43,28,27,0,55
2024-01-03T22:19:31,28,27,0,55
2024-01-03T22:36:20,28,27,0,55
2024-01-03T22:53:08,28,27,0,55
2024-01-03T23:09:58,28,27,0,55
2024-01-03T23:26:57,28,27,0,55
2024-01-03T23:43:46,28,27,0,55
2024-01-04T00:00:36,28,27,0,55
2024-01-04T00:17:31,28,27,0,55
2024-01-04T00:34:35,28,27,0,55
2024-01-04T00:51:37,28,27,0,55
2024-01-04T01:08:30,28,27,0,55
2024-01-04T01:25:25,28,27,0,55
2024-01-04T01:42:17,28,27,0,55
2024-01-04T01:59:20,28,27,0,55
2024-01-04T02:16:15,28,27,0,55
2024-01-04T02:33:06,28,27,0,55
2024-01-04T02:49:56,28,27,0,55
2024-01-04T03:06:45,28,27,0,55
2024-01-04T03:23:47,28,27,0,55
2024-01-04T03:40:37,28,27,0,55
2024-01-04T03:57:29,28,27,0,55
2024-01-04T04:14:44,28,27,0,55
2024-01-04T04:37:33,28,27,0,55
2024-01-04T04:54:34,28,27,0,55
2024-01-04T05:11:31,28,27,0,55
2024-01-04T05:28:26,28,27,0,55
2024-01-04T05:45:20,28,27,0,55
2024-01-04T06:02:14,28,27,0,55
2024-01-04T06:19:14,28,27,0,55
2024-01-04T06:36:06,28,27,0,55
2024-01-04T06:52:58,28,27,0,55
2024-01-04T07:09:49,28,27,0,55
2024-01-04T07:26:48,28,27,0,55
2024-01-04T07:43:38,28,27,0,55
2024-01-04T08:00:28,28,27,0,55
2024-01-04T08:17:22,28,27,0,55
2024-01-04T08:34:17,28,27,0,55
2024-01-04T08:51:27,28,27,0,55
2024-01-04T09:08:30,28,27,0,55
2024-01-04T09:25:36,28,27,0,55
